Year,Month,Province,Production_e3m3d
2000,January,Alberta,387095
2000,January,British Columbia,54389
2000,January,Canada Total,463099
2000,January,NWT & Yukon,1783
2000,January,New Brunswick,0
2000,January,Nova Scotia,952
2000,January,Ontario,1632
2000,January,Saskatchewan,17248
2000,February,Alberta,391075
2000,February,British Columbia,55006
2000,February,Canada Total,470450
2000,February,NWT & Yukon,1787
2000,February,New Brunswick,0
2000,February,Nova Scotia,3786
2000,February,Ontario,1590
2000,February,Saskatchewan,17207
2000,March,Alberta,389689
2000,March,British Columbia,56918
2000,March,Canada Total,474403
2000,March,NWT & Yukon,1339
2000,March,New Brunswick,0
2000,March,Nova Scotia,7665
2000,March,Ontario,1587
2000,March,Saskatchewan,17206
2000,April,Alberta,391383
2000,April,British Columbia,60462
2000,April,Canada Total,481287
2000,April,NWT & Yukon,1858
2000,April,New Brunswick,0
2000,April,Nova Scotia,8990
2000,April,Ontario,1583
2000,April,Saskatchewan,17010
2000,May,Alberta,380662
2000,May,British Columbia,60711
2000,May,Canada Total,472605
2000,May,NWT & Yukon,3848
2000,May,New Brunswick,0
2000,May,Nova Scotia,9287
2000,May,Ontario,1552
2000,May,Saskatchewan,16545
2000,June,Alberta,373913
2000,June,British Columbia,58995
2000,June,Canada Total,465688
2000,June,NWT & Yukon,3810
2000,June,New Brunswick,0
2000,June,Nova Scotia,10377
2000,June,Ontario,1610
2000,June,Saskatchewan,16983
2000,July,Alberta,386005
2000,July,British Columbia,52181
2000,July,Canada Total,469649
2000,July,NWT & Yukon,1854
2000,July,New Brunswick,0
2000,July,Nova Scotia,11232
2000,July,Ontario,1590
2000,July,Saskatchewan,16787
2000,August,Alberta,385312
2000,August,British Columbia,59050
2000,August,Canada Total,478429
2000,August,NWT & Yukon,3560
2000,August,New Brunswick,0
2000,August,Nova Scotia,12061
2000,August,Ontario,1587
2000,August,Saskatchewan,16858
2000,September,Alberta,378705
2000,September,British Columbia,56847
2000,September,Canada Total,469487
2000,September,NWT & Yukon,3535
2000,September,New Brunswick,0
2000,September,Nova Scotia,11813
2000,September,Ontario,1583
2000,September,Saskatchewan,17003
2000,October,Alberta,383789
2000,October,British Columbia,59528
2000,October,Canada Total,477425
2000,October,NWT & Yukon,3269
2000,October,New Brunswick,0
2000,October,Nova Scotia,12223
2000,October,Ontario,1590
2000,October,Saskatchewan,17026
2000,November,Alberta,385666
2000,November,British Columbia,60207
2000,November,Canada Total,481976
2000,November,NWT & Yukon,3826
2000,November,New Brunswick,0
2000,November,Nova Scotia,12580
2000,November,Ontario,2003
2000,November,Saskatchewan,17693
2000,December,Alberta,382380
2000,December,British Columbia,58581
2000,December,Canada Total,475456
2000,December,NWT & Yukon,4017
2000,December,New Brunswick,0
2000,December,Nova Scotia,11952
2000,December,Ontario,1123
2000,December,Saskatchewan,17403
2001,January,Alberta,394446
2001,January,British Columbia,59771
2001,January,Canada Total,488763
2001,January,NWT & Yukon,3939
2001,January,New Brunswick,0
2001,January,Nova Scotia,11794
2001,January,Ontario,1155
2001,January,Saskatchewan,17658
2001,February,Alberta,392433
2001,February,British Columbia,59825
2001,February,Canada Total,487928
2001,February,NWT & Yukon,4167
2001,February,New Brunswick,0
2001,February,Nova Scotia,13332
2001,February,Ontario,911
2001,February,Saskatchewan,17261
2001,March,Alberta,392793
2001,March,British Columbia,59080
2001,March,Canada Total,487555
2001,March,NWT & Yukon,3966
2001,March,New Brunswick,0
2001,March,Nova Scotia,13477
2001,March,Ontario,952
2001,March,Saskatchewan,17287
2001,April,Alberta,396522
2001,April,British Columbia,64967
2001,April,Canada Total,495939
2001,April,NWT & Yukon,4087
2001,April,New Brunswick,0
2001,April,Nova Scotia,12370
2001,April,Ontario,823
2001,April,Saskatchewan,17170
2001,May,Alberta,396945
2001,May,British Columbia,67458
2001,May,Canada Total,500380
2001,May,NWT & Yukon,4119
2001,May,New Brunswick,0
2001,May,Nova Scotia,13726
2001,May,Ontario,884
2001,May,Saskatchewan,17248
2001,June,Alberta,395730
2001,June,British Columbia,66711
2001,June,Canada Total,497212
2001,June,NWT & Yukon,3200
2001,June,New Brunswick,0
2001,June,Nova Scotia,13487
2001,June,Ontario,900
2001,June,Saskatchewan,17183
2001,July,Alberta,387103
2001,July,British Columbia,72193
2001,July,Canada Total,494996
2001,July,NWT & Yukon,4260
2001,July,New Brunswick,0
2001,July,Nova Scotia,13571
2001,July,Ontario,961
2001,July,Saskatchewan,16906
2001,August,Alberta,385607
2001,August,British Columbia,73572
2001,August,Canada Total,496243
2001,August,NWT & Yukon,4335
2001,August,New Brunswick,0
2001,August,Nova Scotia,14774
2001,August,Ontario,1074
2001,August,Saskatchewan,16881
2001,September,Alberta,382634
2001,September,British Columbia,70497
2001,September,Canada Total,490401
2001,September,NWT & Yukon,4294
2001,September,New Brunswick,0
2001,September,Nova Scotia,14687
2001,September,Ontario,867
2001,September,Saskatchewan,17423
2001,October,Alberta,384636
2001,October,British Columbia,71629
2001,October,Canada Total,494634
2001,October,NWT & Yukon,4475
2001,October,New Brunswick,0
2001,October,Nova Scotia,15223
2001,October,Ontario,1000
2001,October,Saskatchewan,17671
2001,November,Alberta,389550
2001,November,British Columbia,71999
2001,November,Canada Total,499558
2001,November,NWT & Yukon,4542
2001,November,New Brunswick,0
2001,November,Nova Scotia,14653
2001,November,Ontario,1070
2001,November,Saskatchewan,17743
2001,December,Alberta,389196
2001,December,British Columbia,74642
2001,December,Canada Total,502650
2001,December,NWT & Yukon,3880
2001,December,New Brunswick,0
2001,December,Nova Scotia,16006
2001,December,Ontario,1058
2001,December,Saskatchewan,17868
2002,January,Alberta,381853
2002,January,British Columbia,71313
2002,January,Canada Total,490438
2002,January,NWT & Yukon,4043
2002,January,New Brunswick,0
2002,January,Nova Scotia,14390
2002,January,Ontario,1061
2002,January,Saskatchewan,17777
2002,February,Alberta,385167
2002,February,British Columbia,74776
2002,February,Canada Total,497216
2002,February,NWT & Yukon,4173
2002,February,New Brunswick,0
2002,February,Nova Scotia,14632
2002,February,Ontario,1025
2002,February,Saskatchewan,17443
2002,March,Alberta,383241
2002,March,British Columbia,79161
2002,March,Canada Total,499134
2002,March,NWT & Yukon,3455
2002,March,New Brunswick,0
2002,March,Nova Scotia,15045
2002,March,Ontario,1003
2002,March,Saskatchewan,17229
2002,April,Alberta,389803
2002,April,British Columbia,81385
2002,April,Canada Total,507642
2002,April,NWT & Yukon,3724
2002,April,New Brunswick,0
2002,April,Nova Scotia,14500
2002,April,Ontario,1027
2002,April,Saskatchewan,17203
2002,May,Alberta,372717
2002,May,British Columbia,80525
2002,May,Canada Total,487694
2002,May,NWT & Yukon,3555
2002,May,New Brunswick,0
2002,May,Nova Scotia,13235
2002,May,Ontario,1029
2002,May,Saskatchewan,16632
2002,June,Alberta,374425
2002,June,British Columbia,78932
2002,June,Canada Total,488813
2002,June,NWT & Yukon,3479
2002,June,New Brunswick,0
2002,June,Nova Scotia,14190
2002,June,Ontario,990
2002,June,Saskatchewan,16797
2002,July,Alberta,374858
2002,July,British Columbia,76494
2002,July,Canada Total,486944
2002,July,NWT & Yukon,3593
2002,July,New Brunswick,0
2002,July,Nova Scotia,14474
2002,July,Ontario,955
2002,July,Saskatchewan,16571
2002,August,Alberta,376659
2002,August,British Columbia,68863
2002,August,Canada Total,481269
2002,August,NWT & Yukon,3227
2002,August,New Brunswick,0
2002,August,Nova Scotia,14761
2002,August,Ontario,1048
2002,August,Saskatchewan,16710
2002,September,Alberta,373757
2002,September,British Columbia,70806
2002,September,Canada Total,479649
2002,September,NWT & Yukon,2532
2002,September,New Brunswick,0
2002,September,Nova Scotia,14713
2002,September,Ontario,930
2002,September,Saskatchewan,16910
2002,October,Alberta,378614
2002,October,British Columbia,74086
2002,October,Canada Total,487026
2002,October,NWT & Yukon,3293
2002,October,New Brunswick,0
2002,October,Nova Scotia,12729
2002,October,Ontario,987
2002,October,Saskatchewan,17316
2002,November,Alberta,380659
2002,November,British Columbia,72179
2002,November,Canada Total,489315
2002,November,NWT & Yukon,2941
2002,November,New Brunswick,0
2002,November,Nova Scotia,14463
2002,November,Ontario,1017
2002,November,Saskatchewan,18057
2002,December,Alberta,382852
2002,December,British Columbia,70929
2002,December,Canada Total,490604
2002,December,NWT & Yukon,2958
2002,December,New Brunswick,0
2002,December,Nova Scotia,14190
2002,December,Ontario,1077
2002,December,Saskatchewan,18597
2003,January,Alberta,369754
2003,January,British Columbia,67781
2003,January,Canada Total,473131
2003,January,NWT & Yukon,2748
2003,January,New Brunswick,0
2003,January,Nova Scotia,12813
2003,January,Ontario,861
2003,January,Saskatchewan,19174
2003,February,Alberta,373562
2003,February,British Columbia,67521
2003,February,Canada Total,475454
2003,February,NWT & Yukon,2697
2003,February,New Brunswick,0
2003,February,Nova Scotia,11571
2003,February,Ontario,832
2003,February,Saskatchewan,19271
2003,March,Alberta,373281
2003,March,British Columbia,68942
2003,March,Canada Total,476922
2003,March,NWT & Yukon,2573
2003,March,New Brunswick,0
2003,March,Nova Scotia,12435
2003,March,Ontario,826
2003,March,Saskatchewan,18865
2003,April,Alberta,375354
2003,April,British Columbia,72508
2003,April,Canada Total,483364
2003,April,NWT & Yukon,2643
2003,April,New Brunswick,15
2003,April,Nova Scotia,12872
2003,April,Ontario,813
2003,April,Saskatchewan,19160
2003,May,Alberta,363935
2003,May,British Columbia,70841
2003,May,Canada Total,470203
2003,May,NWT & Yukon,2969
2003,May,New Brunswick,52
2003,May,Nova Scotia,13164
2003,May,Ontario,826
2003,May,Saskatchewan,18416
2003,June,Alberta,362379
2003,June,British Columbia,69610
2003,June,Canada Total,466268
2003,June,NWT & Yukon,2626
2003,June,New Brunswick,54
2003,June,Nova Scotia,12506
2003,June,Ontario,757
2003,June,Saskatchewan,18337
2003,July,Alberta,369887
2003,July,British Columbia,64268
2003,July,Canada Total,467932
2003,July,NWT & Yukon,1935
2003,July,New Brunswick,34
2003,July,Nova Scotia,12469
2003,July,Ontario,781
2003,July,Saskatchewan,18558
2003,August,Alberta,368796
2003,August,British Columbia,69568
2003,August,Canada Total,472203
2003,August,NWT & Yukon,2800
2003,August,New Brunswick,21
2003,August,Nova Scotia,11437
2003,August,Ontario,774
2003,August,Saskatchewan,18806
2003,September,Alberta,364198
2003,September,British Columbia,69382
2003,September,Canada Total,468225
2003,September,NWT & Yukon,2945
2003,September,New Brunswick,50
2003,September,Nova Scotia,11247
2003,September,Ontario,813
2003,September,Saskatchewan,19590
2003,October,Alberta,369578
2003,October,British Columbia,69582
2003,October,Canada Total,473975
2003,October,NWT & Yukon,2845
2003,October,New Brunswick,58
2003,October,Nova Scotia,11484
2003,October,Ontario,806
2003,October,Saskatchewan,19623
2003,November,Alberta,371079
2003,November,British Columbia,69233
2003,November,Canada Total,475045
2003,November,NWT & Yukon,2757
2003,November,New Brunswick,53
2003,November,Nova Scotia,11690
2003,November,Ontario,817
2003,November,Saskatchewan,19417
2003,December,Alberta,373929
2003,December,British Columbia,69154
2003,December,Canada Total,479693
2003,December,NWT & Yukon,2678
2003,December,New Brunswick,48
2003,December,Nova Scotia,12787
2003,December,Ontario,816
2003,December,Saskatchewan,20281
2004,January,Alberta,365754
2004,January,British Columbia,69196
2004,January,Canada Total,470796
2004,January,NWT & Yukon,2697
2004,January,New Brunswick,55
2004,January,Nova Scotia,12742
2004,January,Ontario,784
2004,January,Saskatchewan,19568
2004,February,Alberta,371696
2004,February,British Columbia,72037
2004,February,Canada Total,479342
2004,February,NWT & Yukon,2364
2004,February,New Brunswick,57
2004,February,Nova Scotia,12549
2004,February,Ontario,741
2004,February,Saskatchewan,19897
2004,March,Alberta,377177
2004,March,British Columbia,72726
2004,March,Canada Total,486034
2004,March,NWT & Yukon,2104
2004,March,New Brunswick,54
2004,March,Nova Scotia,12507
2004,March,Ontario,755
2004,March,Saskatchewan,20710
2004,April,Alberta,380214
2004,April,British Columbia,76973
2004,April,Canada Total,493000
2004,April,NWT & Yukon,2267
2004,April,New Brunswick,55
2004,April,Nova Scotia,12128
2004,April,Ontario,757
2004,April,Saskatchewan,20607
2004,May,Alberta,376855
2004,May,British Columbia,76817
2004,May,Canada Total,488085
2004,May,NWT & Yukon,2216
2004,May,New Brunswick,55
2004,May,Nova Scotia,11278
2004,May,Ontario,726
2004,May,Saskatchewan,20139
2004,June,Alberta,372264
2004,June,British Columbia,69993
2004,June,Canada Total,476657
2004,June,NWT & Yukon,2271
2004,June,New Brunswick,57
2004,June,Nova Scotia,11366
2004,June,Ontario,747
2004,June,Saskatchewan,19960
2004,July,Alberta,371452
2004,July,British Columbia,70812
2004,July,Canada Total,475645
2004,July,NWT & Yukon,2162
2004,July,New Brunswick,46
2004,July,Nova Scotia,10541
2004,July,Ontario,761
2004,July,Saskatchewan,19871
2004,August,Alberta,375030
2004,August,British Columbia,67404
2004,August,Canada Total,476032
2004,August,NWT & Yukon,2075
2004,August,New Brunswick,29
2004,August,Nova Scotia,10742
2004,August,Ontario,758
2004,August,Saskatchewan,19994
2004,September,Alberta,369013
2004,September,British Columbia,68518
2004,September,Canada Total,471560
2004,September,NWT & Yukon,2059
2004,September,New Brunswick,49
2004,September,Nova Scotia,11184
2004,September,Ontario,650
2004,September,Saskatchewan,20087
2004,October,Alberta,373553
2004,October,British Columbia,69887
2004,October,Canada Total,476984
2004,October,NWT & Yukon,1790
2004,October,New Brunswick,54
2004,October,Nova Scotia,10585
2004,October,Ontario,752
2004,October,Saskatchewan,20365
2004,November,Alberta,376695
2004,November,British Columbia,72387
2004,November,Canada Total,483143
2004,November,NWT & Yukon,2155
2004,November,New Brunswick,58
2004,November,Nova Scotia,10328
2004,November,Ontario,770
2004,November,Saskatchewan,20750
2004,December,Alberta,375391
2004,December,British Columbia,70029
2004,December,Canada Total,479043
2004,December,NWT & Yukon,1894
2004,December,New Brunswick,55
2004,December,Nova Scotia,10342
2004,December,Ontario,748
2004,December,Saskatchewan,20584
2005,January,Alberta,368185
2005,January,British Columbia,70623
2005,January,Canada Total,470898
2005,January,NWT & Yukon,1520
2005,January,New Brunswick,58
2005,January,Nova Scotia,9913
2005,January,Ontario,719
2005,January,Saskatchewan,19881
2005,February,Alberta,374867
2005,February,British Columbia,71961
2005,February,Canada Total,480032
2005,February,NWT & Yukon,1344
2005,February,New Brunswick,55
2005,February,Nova Scotia,10623
2005,February,Ontario,704
2005,February,Saskatchewan,20479
2005,March,Alberta,379180
2005,March,British Columbia,72907
2005,March,Canada Total,485700
2005,March,NWT & Yukon,1501
2005,March,New Brunswick,57
2005,March,Nova Scotia,10640
2005,March,Ontario,681
2005,March,Saskatchewan,20735
2005,April,Alberta,381645
2005,April,British Columbia,78040
2005,April,Canada Total,493100
2005,April,NWT & Yukon,1621
2005,April,New Brunswick,58
2005,April,Nova Scotia,10702
2005,April,Ontario,697
2005,April,Saskatchewan,20337
2005,May,Alberta,371660
2005,May,British Columbia,75679
2005,May,Canada Total,478816
2005,May,NWT & Yukon,1877
2005,May,New Brunswick,47
2005,May,Nova Scotia,9927
2005,May,Ontario,687
2005,May,Saskatchewan,18939
2005,June,Alberta,365507
2005,June,British Columbia,71643
2005,June,Canada Total,470082
2005,June,NWT & Yukon,1830
2005,June,New Brunswick,43
2005,June,Nova Scotia,10877
2005,June,Ontario,623
2005,June,Saskatchewan,19559
2005,July,Alberta,375139
2005,July,British Columbia,72939
2005,July,Canada Total,481189
2005,July,NWT & Yukon,1778
2005,July,New Brunswick,38
2005,July,Nova Scotia,11112
2005,July,Ontario,677
2005,July,Saskatchewan,19505
2005,August,Alberta,374228
2005,August,British Columbia,76039
2005,August,Canada Total,484242
2005,August,NWT & Yukon,1797
2005,August,New Brunswick,26
2005,August,Nova Scotia,11993
2005,August,Ontario,690
2005,August,Saskatchewan,19470
2005,September,Alberta,370619
2005,September,British Columbia,74339
2005,September,Canada Total,478347
2005,September,NWT & Yukon,1620
2005,September,New Brunswick,59
2005,September,Nova Scotia,11638
2005,September,Ontario,737
2005,September,Saskatchewan,19335
2005,October,Alberta,374380
2005,October,British Columbia,75161
2005,October,Canada Total,482904
2005,October,NWT & Yukon,1454
2005,October,New Brunswick,56
2005,October,Nova Scotia,11446
2005,October,Ontario,726
2005,October,Saskatchewan,19681
2005,November,Alberta,378113
2005,November,British Columbia,76254
2005,November,Canada Total,488309
2005,November,NWT & Yukon,1400
2005,November,New Brunswick,54
2005,November,Nova Scotia,11445
2005,November,Ontario,723
2005,November,Saskatchewan,20320
2005,December,Alberta,380315
2005,December,British Columbia,75942
2005,December,Canada Total,489778
2005,December,NWT & Yukon,1364
2005,December,New Brunswick,44
2005,December,Nova Scotia,10782
2005,December,Ontario,703
2005,December,Saskatchewan,20627
2006,January,Alberta,379940
2006,January,British Columbia,73717
2006,January,Canada Total,487364
2006,January,NWT & Yukon,1228
2006,January,New Brunswick,57
2006,January,Nova Scotia,10655
2006,January,Ontario,768
2006,January,Saskatchewan,21000
2006,February,Alberta,379646
2006,February,British Columbia,73724
2006,February,Canada Total,486367
2006,February,NWT & Yukon,1062
2006,February,New Brunswick,51
2006,February,Nova Scotia,10354
2006,February,Ontario,750
2006,February,Saskatchewan,20779
2006,March,Alberta,385158
2006,March,British Columbia,73786
2006,March,Canada Total,491240
2006,March,NWT & Yukon,1109
2006,March,New Brunswick,51
2006,March,Nova Scotia,9416
2006,March,Ontario,723
2006,March,Saskatchewan,20997
2006,April,Alberta,388137
2006,April,British Columbia,78364
2006,April,Canada Total,497967
2006,April,NWT & Yukon,1055
2006,April,New Brunswick,57
2006,April,Nova Scotia,8891
2006,April,Ontario,750
2006,April,Saskatchewan,20713
2006,May,Alberta,381038
2006,May,British Columbia,78390
2006,May,Canada Total,490245
2006,May,NWT & Yukon,1020
2006,May,New Brunswick,52
2006,May,Nova Scotia,8581
2006,May,Ontario,758
2006,May,Saskatchewan,20406
2006,June,Alberta,367291
2006,June,British Columbia,75478
2006,June,Canada Total,473430
2006,June,NWT & Yukon,1037
2006,June,New Brunswick,54
2006,June,Nova Scotia,9007
2006,June,Ontario,687
2006,June,Saskatchewan,19877
2006,July,Alberta,376714
2006,July,British Columbia,66534
2006,July,Canada Total,476010
2006,July,NWT & Yukon,754
2006,July,New Brunswick,38
2006,July,Nova Scotia,11606
2006,July,Ontario,665
2006,July,Saskatchewan,19700
2006,August,Alberta,381799
2006,August,British Columbia,75546
2006,August,Canada Total,490369
2006,August,NWT & Yukon,1059
2006,August,New Brunswick,2
2006,August,Nova Scotia,11485
2006,August,Ontario,674
2006,August,Saskatchewan,19803
2006,September,Alberta,370879
2006,September,British Columbia,75854
2006,September,Canada Total,476618
2006,September,NWT & Yukon,1028
2006,September,New Brunswick,55
2006,September,Nova Scotia,8789
2006,September,Ontario,677
2006,September,Saskatchewan,19337
2006,October,Alberta,379750
2006,October,British Columbia,72671
2006,October,Canada Total,484044
2006,October,NWT & Yukon,981
2006,October,New Brunswick,55
2006,October,Nova Scotia,10413
2006,October,Ontario,684
2006,October,Saskatchewan,19490
2006,November,Alberta,373097
2006,November,British Columbia,69776
2006,November,Canada Total,474068
2006,November,NWT & Yukon,996
2006,November,New Brunswick,47
2006,November,Nova Scotia,9782
2006,November,Ontario,707
2006,November,Saskatchewan,19663
2006,December,Alberta,382983
2006,December,British Columbia,70212
2006,December,Canada Total,483607
2006,December,NWT & Yukon,1012
2006,December,New Brunswick,46
2006,December,Nova Scotia,8935
2006,December,Ontario,687
2006,December,Saskatchewan,19732
2007,January,Alberta,380553
2007,January,British Columbia,72878
2007,January,Canada Total,482910
2007,January,NWT & Yukon,918
2007,January,New Brunswick,55
2007,January,Nova Scotia,8574
2007,January,Ontario,645
2007,January,Saskatchewan,19287
2007,February,Alberta,379331
2007,February,British Columbia,74156
2007,February,Canada Total,484081
2007,February,NWT & Yukon,979
2007,February,New Brunswick,53
2007,February,Nova Scotia,10119
2007,February,Ontario,596
2007,February,Saskatchewan,18846
2007,March,Alberta,382334
2007,March,British Columbia,73735
2007,March,Canada Total,487292
2007,March,NWT & Yukon,987
2007,March,New Brunswick,49
2007,March,Nova Scotia,10214
2007,March,Ontario,581
2007,March,Saskatchewan,19393
2007,April,Alberta,382983
2007,April,British Columbia,77772
2007,April,Canada Total,493192
2007,April,NWT & Yukon,999
2007,April,New Brunswick,48
2007,April,Nova Scotia,11933
2007,April,Ontario,477
2007,April,Saskatchewan,18981
2007,May,Alberta,376974
2007,May,British Columbia,72017
2007,May,Canada Total,482261
2007,May,NWT & Yukon,949
2007,May,New Brunswick,51
2007,May,Nova Scotia,12906
2007,May,Ontario,587
2007,May,Saskatchewan,18776
2007,June,Alberta,365514
2007,June,British Columbia,70028
2007,June,Canada Total,467112
2007,June,NWT & Yukon,919
2007,June,New Brunswick,98
2007,June,Nova Scotia,11442
2007,June,Ontario,593
2007,June,Saskatchewan,18517
2007,July,Alberta,363981
2007,July,British Columbia,74314
2007,July,Canada Total,469431
2007,July,NWT & Yukon,904
2007,July,New Brunswick,782
2007,July,Nova Scotia,10414
2007,July,Ontario,597
2007,July,Saskatchewan,18438
2007,August,Alberta,369344
2007,August,British Columbia,75299
2007,August,Canada Total,477033
2007,August,NWT & Yukon,855
2007,August,New Brunswick,783
2007,August,Nova Scotia,11744
2007,August,Ontario,594
2007,August,Saskatchewan,18414
2007,September,Alberta,361097
2007,September,British Columbia,76010
2007,September,Canada Total,469904
2007,September,NWT & Yukon,847
2007,September,New Brunswick,812
2007,September,Nova Scotia,12115
2007,September,Ontario,607
2007,September,Saskatchewan,18417
2007,October,Alberta,365316
2007,October,British Columbia,75161
2007,October,Canada Total,470000
2007,October,NWT & Yukon,841
2007,October,New Brunswick,789
2007,October,Nova Scotia,8994
2007,October,Ontario,581
2007,October,Saskatchewan,18319
2007,November,Alberta,361130
2007,November,British Columbia,74509
2007,November,Canada Total,467097
2007,November,NWT & Yukon,822
2007,November,New Brunswick,876
2007,November,Nova Scotia,10786
2007,November,Ontario,580
2007,November,Saskatchewan,18395
2007,December,Alberta,360614
2007,December,British Columbia,72616
2007,December,Canada Total,463762
2007,December,NWT & Yukon,715
2007,December,New Brunswick,836
2007,December,Nova Scotia,10490
2007,December,Ontario,561
2007,December,Saskatchewan,17929
2008,January,Alberta,353899
2008,January,British Columbia,72351
2008,January,Canada Total,458445
2008,January,NWT & Yukon,645
2008,January,New Brunswick,771
2008,January,Nova Scotia,12461
2008,January,Ontario,545
2008,January,Saskatchewan,17773
2008,February,Alberta,349514
2008,February,British Columbia,72407
2008,February,Canada Total,453501
2008,February,NWT & Yukon,660
2008,February,New Brunswick,782
2008,February,Nova Scotia,12193
2008,February,Ontario,534
2008,February,Saskatchewan,17411
2008,March,Alberta,359217
2008,March,British Columbia,75396
2008,March,Canada Total,467767
2008,March,NWT & Yukon,678
2008,March,New Brunswick,830
2008,March,Nova Scotia,13073
2008,March,Ontario,526
2008,March,Saskatchewan,18047
2008,April,Alberta,363454
2008,April,British Columbia,78146
2008,April,Canada Total,473625
2008,April,NWT & Yukon,653
2008,April,New Brunswick,804
2008,April,Nova Scotia,12218
2008,April,Ontario,533
2008,April,Saskatchewan,17818
2008,May,Alberta,354176
2008,May,British Columbia,78484
2008,May,Canada Total,464739
2008,May,NWT & Yukon,638
2008,May,New Brunswick,743
2008,May,Nova Scotia,12561
2008,May,Ontario,558
2008,May,Saskatchewan,17580
2008,June,Alberta,345848
2008,June,British Columbia,69156
2008,June,Canada Total,444778
2008,June,NWT & Yukon,639
2008,June,New Brunswick,704
2008,June,Nova Scotia,10656
2008,June,Ontario,537
2008,June,Saskatchewan,17238
2008,July,Alberta,353000
2008,July,British Columbia,77392
2008,July,Canada Total,461452
2008,July,NWT & Yukon,661
2008,July,New Brunswick,699
2008,July,Nova Scotia,11854
2008,July,Ontario,532
2008,July,Saskatchewan,17313
2008,August,Alberta,349652
2008,August,British Columbia,77830
2008,August,Canada Total,455678
2008,August,NWT & Yukon,652
2008,August,New Brunswick,720
2008,August,Nova Scotia,8840
2008,August,Ontario,539
2008,August,Saskatchewan,17445
2008,September,Alberta,346517
2008,September,British Columbia,78500
2008,September,Canada Total,455960
2008,September,NWT & Yukon,635
2008,September,New Brunswick,697
2008,September,Nova Scotia,11766
2008,September,Ontario,537
2008,September,Saskatchewan,17308
2008,October,Alberta,345883
2008,October,British Columbia,77310
2008,October,Canada Total,454274
2008,October,NWT & Yukon,634
2008,October,New Brunswick,688
2008,October,Nova Scotia,12046
2008,October,Ontario,539
2008,October,Saskatchewan,17175
2008,November,Alberta,345702
2008,November,British Columbia,77006
2008,November,Canada Total,453739
2008,November,NWT & Yukon,609
2008,November,New Brunswick,842
2008,November,Nova Scotia,11605
2008,November,Ontario,537
2008,November,Saskatchewan,17439
2008,December,Alberta,333341
2008,December,British Columbia,75111
2008,December,Canada Total,438143
2008,December,NWT & Yukon,558
2008,December,New Brunswick,761
2008,December,Nova Scotia,11366
2008,December,Ontario,481
2008,December,Saskatchewan,16527
2009,January,Alberta,334020
2009,January,British Columbia,75484
2009,January,Canada Total,438392
2009,January,NWT & Yukon,485
2009,January,New Brunswick,730
2009,January,Nova Scotia,10750
2009,January,Ontario,516
2009,January,Saskatchewan,16407
2009,February,Alberta,341742
2009,February,British Columbia,77548
2009,February,Canada Total,449438
2009,February,NWT & Yukon,651
2009,February,New Brunswick,724
2009,February,Nova Scotia,11331
2009,February,Ontario,471
2009,February,Saskatchewan,16971
2009,March,Alberta,338188
2009,March,British Columbia,78179
2009,March,Canada Total,445498
2009,March,NWT & Yukon,620
2009,March,New Brunswick,675
2009,March,Nova Scotia,10582
2009,March,Ontario,497
2009,March,Saskatchewan,16757
2009,April,Alberta,348180
2009,April,British Columbia,80594
2009,April,Canada Total,455917
2009,April,NWT & Yukon,619
2009,April,New Brunswick,650
2009,April,Nova Scotia,8736
2009,April,Ontario,500
2009,April,Saskatchewan,16639
2009,May,Alberta,332225
2009,May,British Columbia,77959
2009,May,Canada Total,438789
2009,May,NWT & Yukon,635
2009,May,New Brunswick,633
2009,May,Nova Scotia,10394
2009,May,Ontario,513
2009,May,Saskatchewan,16429
2009,June,Alberta,330842
2009,June,British Columbia,72725
2009,June,Canada Total,430371
2009,June,NWT & Yukon,502
2009,June,New Brunswick,608
2009,June,Nova Scotia,9013
2009,June,Ontario,500
2009,June,Saskatchewan,16181
2009,July,Alberta,327399
2009,July,British Columbia,76770
2009,July,Canada Total,431794
2009,July,NWT & Yukon,458
2009,July,New Brunswick,600
2009,July,Nova Scotia,9951
2009,July,Ontario,506
2009,July,Saskatchewan,16110
2009,August,Alberta,321876
2009,August,British Columbia,75773
2009,August,Canada Total,417949
2009,August,NWT & Yukon,677
2009,August,New Brunswick,583
2009,August,Nova Scotia,2282
2009,August,Ontario,506
2009,August,Saskatchewan,16252
2009,September,Alberta,303692
2009,September,British Columbia,70606
2009,September,Canada Total,401291
2009,September,NWT & Yukon,670
2009,September,New Brunswick,531
2009,September,Nova Scotia,9480
2009,September,Ontario,500
2009,September,Saskatchewan,15812
2009,October,Alberta,305918
2009,October,British Columbia,71530
2009,October,Canada Total,404162
2009,October,NWT & Yukon,627
2009,October,New Brunswick,786
2009,October,Nova Scotia,9395
2009,October,Ontario,471
2009,October,Saskatchewan,15436
2009,November,Alberta,313599
2009,November,British Columbia,75843
2009,November,Canada Total,415837
2009,November,NWT & Yukon,625
2009,November,New Brunswick,678
2009,November,Nova Scotia,9434
2009,November,Ontario,483
2009,November,Saskatchewan,15176
2009,December,Alberta,303256
2009,December,British Columbia,73163
2009,December,Canada Total,402066
2009,December,NWT & Yukon,597
2009,December,New Brunswick,646
2009,December,Nova Scotia,9172
2009,December,Ontario,477
2009,December,Saskatchewan,14754
2010,January,Alberta,309133
2010,January,British Columbia,76837
2010,January,Canada Total,411529
2010,January,NWT & Yukon,636
2010,January,New Brunswick,594
2010,January,Nova Scotia,8966
2010,January,Ontario,477
2010,January,Saskatchewan,14886
2010,February,Alberta,313702
2010,February,British Columbia,79104
2010,February,Canada Total,417937
2010,February,NWT & Yukon,614
2010,February,New Brunswick,508
2010,February,Nova Scotia,8837
2010,February,Ontario,471
2010,February,Saskatchewan,14701
2010,March,Alberta,318030
2010,March,British Columbia,78673
2010,March,Canada Total,422210
2010,March,NWT & Yukon,591
2010,March,New Brunswick,576
2010,March,Nova Scotia,9051
2010,March,Ontario,477
2010,March,Saskatchewan,14811
2010,April,Alberta,320614
2010,April,British Columbia,81968
2010,April,Canada Total,427391
2010,April,NWT & Yukon,616
2010,April,New Brunswick,535
2010,April,Nova Scotia,8660
2010,April,Ontario,470
2010,April,Saskatchewan,14529
2010,May,Alberta,315676
2010,May,British Columbia,81308
2010,May,Canada Total,419790
2010,May,NWT & Yukon,590
2010,May,New Brunswick,514
2010,May,Nova Scotia,7085
2010,May,Ontario,468
2010,May,Saskatchewan,14148
2010,June,Alberta,303609
2010,June,British Columbia,76958
2010,June,Canada Total,404905
2010,June,NWT & Yukon,551
2010,June,New Brunswick,512
2010,June,Nova Scotia,8650
2010,June,Ontario,470
2010,June,Saskatchewan,14154
2010,July,Alberta,309036
2010,July,British Columbia,76591
2010,July,Canada Total,409604
2010,July,NWT & Yukon,379
2010,July,New Brunswick,478
2010,July,Nova Scotia,8597
2010,July,Ontario,458
2010,July,Saskatchewan,14064
2010,August,Alberta,309118
2010,August,British Columbia,84454
2010,August,Canada Total,417793
2010,August,NWT & Yukon,509
2010,August,New Brunswick,463
2010,August,Nova Scotia,8457
2010,August,Ontario,471
2010,August,Saskatchewan,14320
2010,September,Alberta,298320
2010,September,British Columbia,84699
2010,September,Canada Total,406989
2010,September,NWT & Yukon,543
2010,September,New Brunswick,330
2010,September,Nova Scotia,8467
2010,September,Ontario,443
2010,September,Saskatchewan,14187
2010,October,Alberta,299707
2010,October,British Columbia,83840
2010,October,Canada Total,407150
2010,October,NWT & Yukon,562
2010,October,New Brunswick,424
2010,October,Nova Scotia,7967
2010,October,Ontario,465
2010,October,Saskatchewan,14186
2010,November,Alberta,293251
2010,November,British Columbia,85727
2010,November,Canada Total,401577
2010,November,NWT & Yukon,576
2010,November,New Brunswick,558
2010,November,Nova Scotia,7798
2010,November,Ontario,480
2010,November,Saskatchewan,13186
2010,December,Alberta,296023
2010,December,British Columbia,89693
2010,December,Canada Total,408866
2010,December,NWT & Yukon,593
2010,December,New Brunswick,542
2010,December,Nova Scotia,7832
2010,December,Ontario,445
2010,December,Saskatchewan,13739
2011,January,Alberta,292575
2011,January,British Columbia,90624
2011,January,Canada Total,405327
2011,January,NWT & Yukon,570
2011,January,New Brunswick,504
2011,January,Nova Scotia,7360
2011,January,Ontario,435
2011,January,Saskatchewan,13259
2011,February,Alberta,294747
2011,February,British Columbia,91047
2011,February,Canada Total,408432
2011,February,NWT & Yukon,561
2011,February,New Brunswick,493
2011,February,Nova Scotia,8045
2011,February,Ontario,432
2011,February,Saskatchewan,13108
2011,March,Alberta,293202
2011,March,British Columbia,94088
2011,March,Canada Total,409931
2011,March,NWT & Yukon,516
2011,March,New Brunswick,478
2011,March,Nova Scotia,8011
2011,March,Ontario,403
2011,March,Saskatchewan,13232
2011,April,Alberta,303308
2011,April,British Columbia,99535
2011,April,Canada Total,425160
2011,April,NWT & Yukon,605
2011,April,New Brunswick,473
2011,April,Nova Scotia,7833
2011,April,Ontario,413
2011,April,Saskatchewan,12993
2011,May,Alberta,291879
2011,May,British Columbia,100155
2011,May,Canada Total,413970
2011,May,NWT & Yukon,477
2011,May,New Brunswick,419
2011,May,Nova Scotia,7752
2011,May,Ontario,439
2011,May,Saskatchewan,12849
2011,June,Alberta,293140
2011,June,British Columbia,89494
2011,June,Canada Total,401503
2011,June,NWT & Yukon,409
2011,June,New Brunswick,471
2011,June,Nova Scotia,4841
2011,June,Ontario,450
2011,June,Saskatchewan,12699
2011,July,Alberta,295144
2011,July,British Columbia,97850
2011,July,Canada Total,414363
2011,July,NWT & Yukon,399
2011,July,New Brunswick,434
2011,July,Nova Scotia,7355
2011,July,Ontario,442
2011,July,Saskatchewan,12738
2011,August,Alberta,290551
2011,August,British Columbia,99529
2011,August,Canada Total,411724
2011,August,NWT & Yukon,400
2011,August,New Brunswick,427
2011,August,Nova Scotia,7462
2011,August,Ontario,419
2011,August,Saskatchewan,12936
2011,September,Alberta,291584
2011,September,British Columbia,98344
2011,September,Canada Total,411394
2011,September,NWT & Yukon,442
2011,September,New Brunswick,426
2011,September,Nova Scotia,7143
2011,September,Ontario,450
2011,September,Saskatchewan,13006
2011,October,Alberta,287282
2011,October,British Columbia,102571
2011,October,Canada Total,411066
2011,October,NWT & Yukon,579
2011,October,New Brunswick,420
2011,October,Nova Scotia,6633
2011,October,Ontario,442
2011,October,Saskatchewan,13140
2011,November,Alberta,295048
2011,November,British Columbia,101491
2011,November,Canada Total,417601
2011,November,NWT & Yukon,594
2011,November,New Brunswick,407
2011,November,Nova Scotia,6585
2011,November,Ontario,427
2011,November,Saskatchewan,13049
2011,December,Alberta,299190
2011,December,British Columbia,104117
2011,December,Canada Total,424894
2011,December,NWT & Yukon,583
2011,December,New Brunswick,406
2011,December,Nova Scotia,7048
2011,December,Ontario,429
2011,December,Saskatchewan,13120
2012,January,Alberta,290007
2012,January,British Columbia,101455
2012,January,Canada Total,412672
2012,January,NWT & Yukon,566
2012,January,New Brunswick,392
2012,January,Nova Scotia,6974
2012,January,Ontario,410
2012,January,Saskatchewan,12869
2012,February,Alberta,288146
2012,February,British Columbia,103357
2012,February,Canada Total,412259
2012,February,NWT & Yukon,580
2012,February,New Brunswick,385
2012,February,Nova Scotia,6435
2012,February,Ontario,410
2012,February,Saskatchewan,12946
2012,March,Alberta,288454
2012,March,British Columbia,99786
2012,March,Canada Total,409146
2012,March,NWT & Yukon,533
2012,March,New Brunswick,372
2012,March,Nova Scotia,6939
2012,March,Ontario,403
2012,March,Saskatchewan,12661
2012,April,Alberta,286044
2012,April,British Columbia,95262
2012,April,Canada Total,399868
2012,April,NWT & Yukon,443
2012,April,New Brunswick,353
2012,April,Nova Scotia,5101
2012,April,Ontario,407
2012,April,Saskatchewan,12259
2012,May,Alberta,280485
2012,May,British Columbia,94326
2012,May,Canada Total,393921
2012,May,NWT & Yukon,557
2012,May,New Brunswick,340
2012,May,Nova Scotia,5965
2012,May,Ontario,403
2012,May,Saskatchewan,11844
2012,June,Alberta,272547
2012,June,British Columbia,93174
2012,June,Canada Total,384837
2012,June,NWT & Yukon,531
2012,June,New Brunswick,329
2012,June,Nova Scotia,6047
2012,June,Ontario,393
2012,June,Saskatchewan,11816
2012,July,Alberta,270487
2012,July,British Columbia,92743
2012,July,Canada Total,382751
2012,July,NWT & Yukon,435
2012,July,New Brunswick,323
2012,July,Nova Scotia,6494
2012,July,Ontario,381
2012,July,Saskatchewan,11890
2012,August,Alberta,268864
2012,August,British Columbia,96114
2012,August,Canada Total,384191
2012,August,NWT & Yukon,488
2012,August,New Brunswick,314
2012,August,Nova Scotia,6190
2012,August,Ontario,413
2012,August,Saskatchewan,11807
2012,September,Alberta,267266
2012,September,British Columbia,97674
2012,September,Canada Total,381367
2012,September,NWT & Yukon,443
2012,September,New Brunswick,263
2012,September,Nova Scotia,3356
2012,September,Ontario,407
2012,September,Saskatchewan,11957
2012,October,Alberta,272277
2012,October,British Columbia,98532
2012,October,Canada Total,387892
2012,October,NWT & Yukon,390
2012,October,New Brunswick,310
2012,October,Nova Scotia,3967
2012,October,Ontario,397
2012,October,Saskatchewan,12020
2012,November,Alberta,275982
2012,November,British Columbia,96762
2012,November,Canada Total,389443
2012,November,NWT & Yukon,403
2012,November,New Brunswick,374
2012,November,Nova Scotia,3728
2012,November,Ontario,387
2012,November,Saskatchewan,11808
2012,December,Alberta,270937
2012,December,British Columbia,102197
2012,December,Canada Total,389722
2012,December,NWT & Yukon,407
2012,December,New Brunswick,343
2012,December,Nova Scotia,3883
2012,December,Ontario,377
2012,December,Saskatchewan,11578
2013,January,Alberta,276356
2013,January,British Columbia,103824
2013,January,Canada Total,396221
2013,January,NWT & Yukon,367
2013,January,New Brunswick,322
2013,January,Nova Scotia,3603
2013,January,Ontario,352
2013,January,Saskatchewan,11397
2013,February,Alberta,278946
2013,February,British Columbia,104310
2013,February,Canada Total,399203
2013,February,NWT & Yukon,275
2013,February,New Brunswick,320
2013,February,Nova Scotia,3579
2013,February,Ontario,368
2013,February,Saskatchewan,11405
2013,March,Alberta,276033
2013,March,British Columbia,103507
2013,March,Canada Total,395454
2013,March,NWT & Yukon,351
2013,March,New Brunswick,328
2013,March,Nova Scotia,3629
2013,March,Ontario,326
2013,March,Saskatchewan,11280
2013,April,Alberta,280016
2013,April,British Columbia,106472
2013,April,Canada Total,401564
2013,April,NWT & Yukon,349
2013,April,New Brunswick,319
2013,April,Nova Scotia,2721
2013,April,Ontario,353
2013,April,Saskatchewan,11333
2013,May,Alberta,276968
2013,May,British Columbia,101478
2013,May,Canada Total,393060
2013,May,NWT & Yukon,359
2013,May,New Brunswick,316
2013,May,Nova Scotia,2441
2013,May,Ontario,342
2013,May,Saskatchewan,11155
2013,June,Alberta,272106
2013,June,British Columbia,96480
2013,June,Canada Total,384903
2013,June,NWT & Yukon,350
2013,June,New Brunswick,308
2013,June,Nova Scotia,3747
2013,June,Ontario,347
2013,June,Saskatchewan,11566
2013,July,Alberta,273770
2013,July,British Columbia,106181
2013,July,Canada Total,396297
2013,July,NWT & Yukon,341
2013,July,New Brunswick,302
2013,July,Nova Scotia,3726
2013,July,Ontario,345
2013,July,Saskatchewan,11633
2013,August,Alberta,274622
2013,August,British Columbia,107937
2013,August,Canada Total,400821
2013,August,NWT & Yukon,366
2013,August,New Brunswick,301
2013,August,Nova Scotia,4979
2013,August,Ontario,368
2013,August,Saskatchewan,12248
2013,September,Alberta,269053
2013,September,British Columbia,107850
2013,September,Canada Total,397140
2013,September,NWT & Yukon,340
2013,September,New Brunswick,279
2013,September,Nova Scotia,6882
2013,September,Ontario,360
2013,September,Saskatchewan,12376
2013,October,Alberta,274058
2013,October,British Columbia,110559
2013,October,Canada Total,406731
2013,October,NWT & Yukon,353
2013,October,New Brunswick,297
2013,October,Nova Scotia,8766
2013,October,Ontario,348
2013,October,Saskatchewan,12349
2013,November,Alberta,273324
2013,November,British Columbia,111765
2013,November,Canada Total,403586
2013,November,NWT & Yukon,340
2013,November,New Brunswick,296
2013,November,Nova Scotia,5302
2013,November,Ontario,337
2013,November,Saskatchewan,12222
2013,December,Alberta,273041
2013,December,British Columbia,110581
2013,December,Canada Total,405145
2013,December,NWT & Yukon,322
2013,December,New Brunswick,288
2013,December,Nova Scotia,8883
2013,December,Ontario,332
2013,December,Saskatchewan,11699
2014,January,Alberta,278074
2014,January,British Columbia,110696
2014,January,Canada Total,413484
2014,January,NWT & Yukon,311
2014,January,New Brunswick,290
2014,January,Nova Scotia,11616
2014,January,Ontario,306
2014,January,Saskatchewan,12189
2014,February,Alberta,275646
2014,February,British Columbia,110277
2014,February,Canada Total,410548
2014,February,NWT & Yukon,287
2014,February,New Brunswick,288
2014,February,Nova Scotia,11962
2014,February,Ontario,268
2014,February,Saskatchewan,11821
2014,March,Alberta,281185
2014,March,British Columbia,110385
2014,March,Canada Total,414539
2014,March,NWT & Yukon,359
2014,March,New Brunswick,280
2014,March,Nova Scotia,10030
2014,March,Ontario,197
2014,March,Saskatchewan,12103
2014,April,Alberta,287437
2014,April,British Columbia,113711
2014,April,Canada Total,424900
2014,April,NWT & Yukon,317
2014,April,New Brunswick,276
2014,April,Nova Scotia,10323
2014,April,Ontario,207
2014,April,Saskatchewan,12630
2014,May,Alberta,278775
2014,May,British Columbia,111941
2014,May,Canada Total,414023
2014,May,NWT & Yukon,328
2014,May,New Brunswick,266
2014,May,Nova Scotia,9792
2014,May,Ontario,300
2014,May,Saskatchewan,12621
2014,June,Alberta,270933
2014,June,British Columbia,104506
2014,June,Canada Total,400673
2014,June,NWT & Yukon,320
2014,June,New Brunswick,270
2014,June,Nova Scotia,12354
2014,June,Ontario,300
2014,June,Saskatchewan,11991
2014,July,Alberta,283225
2014,July,British Columbia,108964
2014,July,Canada Total,416574
2014,July,NWT & Yukon,321
2014,July,New Brunswick,239
2014,July,Nova Scotia,11041
2014,July,Ontario,297
2014,July,Saskatchewan,12489
2014,August,Alberta,286199
2014,August,British Columbia,113941
2014,August,Canada Total,421338
2014,August,NWT & Yukon,315
2014,August,New Brunswick,251
2014,August,Nova Scotia,7953
2014,August,Ontario,335
2014,August,Saskatchewan,12343
2014,September,Alberta,275735
2014,September,British Columbia,111797
2014,September,Canada Total,405874
2014,September,NWT & Yukon,285
2014,September,New Brunswick,253
2014,September,Nova Scotia,4924
2014,September,Ontario,330
2014,September,Saskatchewan,12550
2014,October,Alberta,293729
2014,October,British Columbia,117927
2014,October,Canada Total,429621
2014,October,NWT & Yukon,268
2014,October,New Brunswick,253
2014,October,Nova Scotia,4547
2014,October,Ontario,342
2014,October,Saskatchewan,12555
2014,November,Alberta,291659
2014,November,British Columbia,119011
2014,November,Canada Total,430113
2014,November,NWT & Yukon,283
2014,November,New Brunswick,239
2014,November,Nova Scotia,6336
2014,November,Ontario,330
2014,November,Saskatchewan,12254
2014,December,Alberta,298504
2014,December,British Columbia,122377
2014,December,Canada Total,442573
2014,December,NWT & Yukon,329
2014,December,New Brunswick,265
2014,December,Nova Scotia,8533
2014,December,Ontario,335
2014,December,Saskatchewan,12229
2015,January,Alberta,295408
2015,January,British Columbia,120885
2015,January,Canada Total,439315
2015,January,NWT & Yukon,324
2015,January,New Brunswick,265
2015,January,Nova Scotia,9940
2015,January,Ontario,319
2015,January,Saskatchewan,12175
2015,February,Alberta,298653
2015,February,British Columbia,121823
2015,February,Canada Total,442096
2015,February,NWT & Yukon,248
2015,February,New Brunswick,254
2015,February,Nova Scotia,8365
2015,February,Ontario,300
2015,February,Saskatchewan,12453
2015,March,Alberta,298790
2015,March,British Columbia,120609
2015,March,Canada Total,441937
2015,March,NWT & Yukon,253
2015,March,New Brunswick,248
2015,March,Nova Scotia,9142
2015,March,Ontario,303
2015,March,Saskatchewan,12593
2015,April,Alberta,300517
2015,April,British Columbia,124041
2015,April,Canada Total,443864
2015,April,NWT & Yukon,256
2015,April,New Brunswick,243
2015,April,Nova Scotia,5995
2015,April,Ontario,310
2015,April,Saskatchewan,12501
2015,May,Alberta,288376
2015,May,British Columbia,121927
2015,May,Canada Total,427305
2015,May,NWT & Yukon,246
2015,May,New Brunswick,64
2015,May,Nova Scotia,4284
2015,May,Ontario,316
2015,May,Saskatchewan,12092
2015,June,Alberta,287967
2015,June,British Columbia,103710
2015,June,Canada Total,408664
2015,June,NWT & Yukon,240
2015,June,New Brunswick,62
2015,June,Nova Scotia,4129
2015,June,Ontario,313
2015,June,Saskatchewan,12242
2015,July,Alberta,287559
2015,July,British Columbia,113597
2015,July,Canada Total,416558
2015,July,NWT & Yukon,94
2015,July,New Brunswick,58
2015,July,Nova Scotia,2774
2015,July,Ontario,306
2015,July,Saskatchewan,12170
2015,August,Alberta,283256
2015,August,British Columbia,117086
2015,August,Canada Total,417231
2015,August,NWT & Yukon,225
2015,August,New Brunswick,61
2015,August,Nova Scotia,4164
2015,August,Ontario,300
2015,August,Saskatchewan,12140
2015,September,Alberta,285234
2015,September,British Columbia,110779
2015,September,Canada Total,411347
2015,September,NWT & Yukon,232
2015,September,New Brunswick,67
2015,September,Nova Scotia,2892
2015,September,Ontario,330
2015,September,Saskatchewan,11813
2015,October,Alberta,292197
2015,October,British Columbia,119282
2015,October,Canada Total,427626
2015,October,NWT & Yukon,233
2015,October,New Brunswick,81
2015,October,Nova Scotia,3246
2015,October,Ontario,297
2015,October,Saskatchewan,12291
2015,November,Alberta,293714
2015,November,British Columbia,123829
2015,November,Canada Total,435701
2015,November,NWT & Yukon,208
2015,November,New Brunswick,261
2015,November,Nova Scotia,5014
2015,November,Ontario,297
2015,November,Saskatchewan,12378
2015,December,Alberta,299418
2015,December,British Columbia,127182
2015,December,Canada Total,445178
2015,December,NWT & Yukon,217
2015,December,New Brunswick,210
2015,December,Nova Scotia,5830
2015,December,Ontario,294
2015,December,Saskatchewan,12028
2016,January,Alberta,298515
2016,January,British Columbia,131501
2016,January,Canada Total,448461
2016,January,NWT & Yukon,229
2016,January,New Brunswick,362
2016,January,Nova Scotia,5803
2016,January,Ontario,203
2016,January,Saskatchewan,11847
2016,February,Alberta,305833
2016,February,British Columbia,133517
2016,February,Canada Total,458347
2016,February,NWT & Yukon,203
2016,February,New Brunswick,302
2016,February,Nova Scotia,6160
2016,February,Ontario,202
2016,February,Saskatchewan,12129
2016,March,Alberta,302324
2016,March,British Columbia,132430
2016,March,Canada Total,452720
2016,March,NWT & Yukon,201
2016,March,New Brunswick,212
2016,March,Nova Scotia,5294
2016,March,Ontario,202
2016,March,Saskatchewan,12056
2016,April,Alberta,296268
2016,April,British Columbia,127873
2016,April,Canada Total,440639
2016,April,NWT & Yukon,251
2016,April,New Brunswick,275
2016,April,Nova Scotia,3846
2016,April,Ontario,201
2016,April,Saskatchewan,11924
2016,May,Alberta,283872
2016,May,British Columbia,126839
2016,May,Canada Total,426861
2016,May,NWT & Yukon,238
2016,May,New Brunswick,248
2016,May,Nova Scotia,3708
2016,May,Ontario,202
2016,May,Saskatchewan,11754
2016,June,Alberta,280411
2016,June,British Columbia,121555
2016,June,Canada Total,418471
2016,June,NWT & Yukon,250
2016,June,New Brunswick,248
2016,June,Nova Scotia,4337
2016,June,Ontario,202
2016,June,Saskatchewan,11467
2016,July,Alberta,283648
2016,July,British Columbia,120386
2016,July,Canada Total,421262
2016,July,NWT & Yukon,235
2016,July,New Brunswick,244
2016,July,Nova Scotia,5328
2016,July,Ontario,202
2016,July,Saskatchewan,11219
2016,August,Alberta,288434
2016,August,British Columbia,123514
2016,August,Canada Total,429612
2016,August,NWT & Yukon,235
2016,August,New Brunswick,238
2016,August,Nova Scotia,5590
2016,August,Ontario,200
2016,August,Saskatchewan,11399
2016,September,Alberta,286934
2016,September,British Columbia,116295
2016,September,Canada Total,418487
2016,September,NWT & Yukon,227
2016,September,New Brunswick,78
2016,September,Nova Scotia,3443
2016,September,Ontario,201
2016,September,Saskatchewan,11308
2016,October,Alberta,281885
2016,October,British Columbia,123412
2016,October,Canada Total,421274
2016,October,NWT & Yukon,210
2016,October,New Brunswick,47
2016,October,Nova Scotia,3996
2016,October,Ontario,203
2016,October,Saskatchewan,11521
2016,November,Alberta,288246
2016,November,British Columbia,125107
2016,November,Canada Total,430231
2016,November,NWT & Yukon,198
2016,November,New Brunswick,74
2016,November,Nova Scotia,4714
2016,November,Ontario,208
2016,November,Saskatchewan,11683
2016,December,Alberta,288023
2016,December,British Columbia,131259
2016,December,Canada Total,436688
2016,December,NWT & Yukon,185
2016,December,New Brunswick,218
2016,December,Nova Scotia,5713
2016,December,Ontario,201
2016,December,Saskatchewan,11090
2017,January,Alberta,293027
2017,January,British Columbia,134679
2017,January,Canada Total,444759
2017,January,NWT & Yukon,87
2017,January,New Brunswick,283
2017,January,Nova Scotia,5430
2017,January,Ontario,200
2017,January,Saskatchewan,11052
2017,February,Alberta,292783
2017,February,British Columbia,131349
2017,February,Canada Total,440875
2017,February,NWT & Yukon,75
2017,February,New Brunswick,264
2017,February,Nova Scotia,4727
2017,February,Ontario,222
2017,February,Saskatchewan,11456
2017,March,Alberta,299322
2017,March,British Columbia,129045
2017,March,Canada Total,444972
2017,March,NWT & Yukon,10
2017,March,New Brunswick,248
2017,March,Nova Scotia,4675
2017,March,Ontario,201
2017,March,Saskatchewan,11471
2017,April,Alberta,299996
2017,April,British Columbia,125649
2017,April,Canada Total,441547
2017,April,NWT & Yukon,17
2017,April,New Brunswick,13
2017,April,Nova Scotia,3889
2017,April,Ontario,201
2017,April,Saskatchewan,11782
2017,May,Alberta,291592
2017,May,British Columbia,125209
2017,May,Canada Total,431734
2017,May,NWT & Yukon,18
2017,May,New Brunswick,5
2017,May,Nova Scotia,3666
2017,May,Ontario,202
2017,May,Saskatchewan,11043
2017,June,Alberta,294609
2017,June,British Columbia,106877
2017,June,Canada Total,416336
2017,June,NWT & Yukon,8
2017,June,New Brunswick,1
2017,June,Nova Scotia,3567
2017,June,Ontario,202
2017,June,Saskatchewan,11072
2017,July,Alberta,298797
2017,July,British Columbia,115472
2017,July,Canada Total,428820
2017,July,NWT & Yukon,6
2017,July,New Brunswick,1
2017,July,Nova Scotia,3105
2017,July,Ontario,202
2017,July,Saskatchewan,11237
2017,August,Alberta,289446
2017,August,British Columbia,120180
2017,August,Canada Total,422905
2017,August,NWT & Yukon,6
2017,August,New Brunswick,1
2017,August,Nova Scotia,1729
2017,August,Ontario,202
2017,August,Saskatchewan,11341
2017,September,Alberta,295767
2017,September,British Columbia,123704
2017,September,Canada Total,433889
2017,September,NWT & Yukon,17
2017,September,New Brunswick,0
2017,September,Nova Scotia,2818
2017,September,Ontario,263
2017,September,Saskatchewan,11319
2017,October,Alberta,294948
2017,October,British Columbia,129133
2017,October,Canada Total,439069
2017,October,NWT & Yukon,4
2017,October,New Brunswick,0
2017,October,Nova Scotia,3043
2017,October,Ontario,266
2017,October,Saskatchewan,11674
2017,November,Alberta,307146
2017,November,British Columbia,141413
2017,November,Canada Total,463264
2017,November,NWT & Yukon,21
2017,November,New Brunswick,6
2017,November,Nova Scotia,2757
2017,November,Ontario,249
2017,November,Saskatchewan,11672
2017,December,Alberta,307858
2017,December,British Columbia,145958
2017,December,Canada Total,468282
2017,December,NWT & Yukon,22
2017,December,New Brunswick,270
2017,December,Nova Scotia,2730
2017,December,Ontario,242
2017,December,Saskatchewan,11202
2018,January,Alberta,306201
2018,January,British Columbia,147609
2018,January,Canada Total,467816
2018,January,NWT & Yukon,13
2018,January,New Brunswick,390
2018,January,Nova Scotia,2271
2018,January,Ontario,242
2018,January,Saskatchewan,11090
2018,February,Alberta,304698
2018,February,British Columbia,147220
2018,February,Canada Total,465544
2018,February,NWT & Yukon,4
2018,February,New Brunswick,363
2018,February,Nova Scotia,2390
2018,February,Ontario,244
2018,February,Saskatchewan,10625
2018,March,Alberta,306639
2018,March,British Columbia,148664
2018,March,Canada Total,469118
2018,March,NWT & Yukon,1
2018,March,New Brunswick,328
2018,March,Nova Scotia,2289
2018,March,Ontario,210
2018,March,Saskatchewan,10987
2018,April,Alberta,302282
2018,April,British Columbia,149988
2018,April,Canada Total,466434
2018,April,NWT & Yukon,8
2018,April,New Brunswick,283
2018,April,Nova Scotia,2328
2018,April,Ontario,244
2018,April,Saskatchewan,11301
2018,May,Alberta,290408
2018,May,British Columbia,143103
2018,May,Canada Total,447591
2018,May,NWT & Yukon,8
2018,May,New Brunswick,28
2018,May,Nova Scotia,2283
2018,May,Ontario,246
2018,May,Saskatchewan,11514
2018,June,Alberta,287986
2018,June,British Columbia,142486
2018,June,Canada Total,443508
2018,June,NWT & Yukon,10
2018,June,New Brunswick,0
2018,June,Nova Scotia,1758
2018,June,Ontario,260
2018,June,Saskatchewan,11008
2018,July,Alberta,292331
2018,July,British Columbia,150581
2018,July,Canada Total,456427
2018,July,NWT & Yukon,5
2018,July,New Brunswick,0
2018,July,Nova Scotia,1998
2018,July,Ontario,251
2018,July,Saskatchewan,11260
2018,August,Alberta,297042
2018,August,British Columbia,146058
2018,August,Canada Total,456698
2018,August,NWT & Yukon,4
2018,August,New Brunswick,0
2018,August,Nova Scotia,1940
2018,August,Ontario,262
2018,August,Saskatchewan,11393
2018,September,Alberta,292724
2018,September,British Columbia,146543
2018,September,Canada Total,452363
2018,September,NWT & Yukon,5
2018,September,New Brunswick,0
2018,September,Nova Scotia,1663
2018,September,Ontario,261
2018,September,Saskatchewan,11166
2018,October,Alberta,294758
2018,October,British Columbia,133146
2018,October,Canada Total,441426
2018,October,NWT & Yukon,39
2018,October,New Brunswick,0
2018,October,Nova Scotia,1723
2018,October,Ontario,247
2018,October,Saskatchewan,11513
2018,November,Alberta,299610
2018,November,British Columbia,138036
2018,November,Canada Total,451310
2018,November,NWT & Yukon,172
2018,November,New Brunswick,112
2018,November,Nova Scotia,1706
2018,November,Ontario,246
2018,November,Saskatchewan,11428
2018,December,Alberta,306079
2018,December,British Columbia,153535
2018,December,Canada Total,473183
2018,December,NWT & Yukon,196
2018,December,New Brunswick,335
2018,December,Nova Scotia,1561
2018,December,Ontario,221
2018,December,Saskatchewan,11256
2019,January,Alberta,298505
2019,January,British Columbia,143345
2019,January,Canada Total,453768
2019,January,NWT & Yukon,182
2019,January,New Brunswick,370
2019,January,Nova Scotia,0
2019,January,Ontario,241
2019,January,Saskatchewan,11125
2019,February,Alberta,285033
2019,February,British Columbia,149272
2019,February,Canada Total,445403
2019,February,NWT & Yukon,172
2019,February,New Brunswick,336
2019,February,Nova Scotia,0
2019,February,Ontario,233
2019,February,Saskatchewan,10358
2019,March,Alberta,297548
2019,March,British Columbia,151048
2019,March,Canada Total,460109
2019,March,NWT & Yukon,216
2019,March,New Brunswick,289
2019,March,Nova Scotia,0
2019,March,Ontario,222
2019,March,Saskatchewan,10785
2019,April,Alberta,295891
2019,April,British Columbia,147385
2019,April,Canada Total,455397
2019,April,NWT & Yukon,209
2019,April,New Brunswick,266
2019,April,Nova Scotia,0
2019,April,Ontario,222
2019,April,Saskatchewan,11423
2019,May,Alberta,288164
2019,May,British Columbia,136229
2019,May,Canada Total,436137
2019,May,NWT & Yukon,220
2019,May,New Brunswick,0
2019,May,Nova Scotia,0
2019,May,Ontario,230
2019,May,Saskatchewan,11294
2019,June,Alberta,278300
2019,June,British Columbia,142080
2019,June,Canada Total,432130
2019,June,NWT & Yukon,200
2019,June,New Brunswick,0
2019,June,Nova Scotia,0
2019,June,Ontario,239
2019,June,Saskatchewan,11311
2019,July,Alberta,281509
2019,July,British Columbia,142838
2019,July,Canada Total,435967
2019,July,NWT & Yukon,196
2019,July,New Brunswick,0
2019,July,Nova Scotia,0
2019,July,Ontario,232
2019,July,Saskatchewan,11191
2019,August,Alberta,280441
2019,August,British Columbia,140925
2019,August,Canada Total,432947
2019,August,NWT & Yukon,185
2019,August,New Brunswick,0
2019,August,Nova Scotia,0
2019,August,Ontario,235
2019,August,Saskatchewan,11161
2019,September,Alberta,274624
2019,September,British Columbia,142221
2019,September,Canada Total,428149
2019,September,NWT & Yukon,195
2019,September,New Brunswick,0
2019,September,Nova Scotia,0
2019,September,Ontario,232
2019,September,Saskatchewan,10877
2019,October,Alberta,283630
2019,October,British Columbia,144389
2019,October,Canada Total,439562
2019,October,NWT & Yukon,211
2019,October,New Brunswick,0
2019,October,Nova Scotia,0
2019,October,Ontario,228
2019,October,Saskatchewan,11103
2019,November,Alberta,290718
2019,November,British Columbia,152358
2019,November,Canada Total,454937
2019,November,NWT & Yukon,222
2019,November,New Brunswick,137
2019,November,Nova Scotia,0
2019,November,Ontario,223
2019,November,Saskatchewan,11279
2019,December,Alberta,294505
2019,December,British Columbia,156464
2019,December,Canada Total,462652
2019,December,NWT & Yukon,189
2019,December,New Brunswick,232
2019,December,Nova Scotia,0
2019,December,Ontario,207
2019,December,Saskatchewan,11055
2020,January,Alberta,280354
2020,January,British Columbia,152910
2020,January,Canada Total,444714
2020,January,NWT & Yukon,175
2020,January,New Brunswick,402
2020,January,Nova Scotia,0
2020,January,Ontario,193
2020,January,Saskatchewan,10681
2020,February,Alberta,288224
2020,February,British Columbia,152925
2020,February,Canada Total,452846
2020,February,NWT & Yukon,162
2020,February,New Brunswick,326
2020,February,Nova Scotia,0
2020,February,Ontario,186
2020,February,Saskatchewan,11024
2020,March,Alberta,283207
2020,March,British Columbia,153763
2020,March,Canada Total,448636
2020,March,NWT & Yukon,166
2020,March,New Brunswick,275
2020,March,Nova Scotia,0
2020,March,Ontario,194
2020,March,Saskatchewan,11030
2020,April,Alberta,276351
2020,April,British Columbia,158665
2020,April,Canada Total,446064
2020,April,NWT & Yukon,153
2020,April,New Brunswick,261
2020,April,Nova Scotia,0
2020,April,Ontario,185
2020,April,Saskatchewan,10449
2020,May,Alberta,270285
2020,May,British Columbia,157578
2020,May,Canada Total,437678
2020,May,NWT & Yukon,118
2020,May,New Brunswick,0
2020,May,Nova Scotia,0
2020,May,Ontario,185
2020,May,Saskatchewan,9512
2020,June,Alberta,267831
2020,June,British Columbia,153183
2020,June,Canada Total,430915
2020,June,NWT & Yukon,154
2020,June,New Brunswick,0
2020,June,Nova Scotia,0
2020,June,Ontario,176
2020,June,Saskatchewan,9570
2020,July,Alberta,265992
2020,July,British Columbia,146599
2020,July,Canada Total,422604
2020,July,NWT & Yukon,187
2020,July,New Brunswick,0
2020,July,Nova Scotia,0
2020,July,Ontario,216
2020,July,Saskatchewan,9610
2020,August,Alberta,266691
2020,August,British Columbia,146179
2020,August,Canada Total,422736
2020,August,NWT & Yukon,2
2020,August,New Brunswick,0
2020,August,Nova Scotia,0
2020,August,Ontario,211
2020,August,Saskatchewan,9654
2020,September,Alberta,263133
2020,September,British Columbia,137837
2020,September,Canada Total,410870
2020,September,NWT & Yukon,2
2020,September,New Brunswick,0
2020,September,Nova Scotia,0
2020,September,Ontario,206
2020,September,Saskatchewan,9692
2020,October,Alberta,274980
2020,October,British Columbia,149348
2020,October,Canada Total,434379
2020,October,NWT & Yukon,145
2020,October,New Brunswick,15
2020,October,Nova Scotia,0
2020,October,Ontario,201
2020,October,Saskatchewan,9690
2020,November,Alberta,279896
2020,November,British Columbia,154102
2020,November,Canada Total,444060
2020,November,NWT & Yukon,195
2020,November,New Brunswick,95
2020,November,Nova Scotia,0
2020,November,Ontario,190
2020,November,Saskatchewan,9582
2020,December,Alberta,281573
2020,December,British Columbia,154853
2020,December,Canada Total,446681
2020,December,NWT & Yukon,192
2020,December,New Brunswick,218
2020,December,Nova Scotia,0
2020,December,Ontario,197
2020,December,Saskatchewan,9647
2021,January,Alberta,280010
2021,January,British Columbia,157082
2021,January,Canada Total,446807
2021,January,NWT & Yukon,170
2021,January,New Brunswick,343
2021,January,Nova Scotia,0
2021,January,Ontario,187
2021,January,Saskatchewan,9015
2021,February,Alberta,271372
2021,February,British Columbia,157802
2021,February,Canada Total,438271
2021,February,NWT & Yukon,161
2021,February,New Brunswick,323
2021,February,Nova Scotia,0
2021,February,Ontario,187
2021,February,Saskatchewan,8426
2021,March,Alberta,285874
2021,March,British Columbia,158179
2021,March,Canada Total,453782
2021,March,NWT & Yukon,171
2021,March,New Brunswick,298
2021,March,Nova Scotia,0
2021,March,Ontario,184
2021,March,Saskatchewan,9077
2021,April,Alberta,287414
2021,April,British Columbia,161376
2021,April,Canada Total,458831
2021,April,NWT & Yukon,189
2021,April,New Brunswick,246
2021,April,Nova Scotia,0
2021,April,Ontario,196
2021,April,Saskatchewan,9409
2021,May,Alberta,282263
2021,May,British Columbia,157111
2021,May,Canada Total,448965
2021,May,NWT & Yukon,192
2021,May,New Brunswick,0
2021,May,Nova Scotia,0
2021,May,Ontario,195
2021,May,Saskatchewan,9205
2021,June,Alberta,279416
2021,June,British Columbia,157100
2021,June,Canada Total,445649
2021,June,NWT & Yukon,167
2021,June,New Brunswick,0
2021,June,Nova Scotia,0
2021,June,Ontario,205
2021,June,Saskatchewan,8761
2021,July,Alberta,285369
2021,July,British Columbia,159039
2021,July,Canada Total,453651
2021,July,NWT & Yukon,50
2021,July,New Brunswick,0
2021,July,Nova Scotia,0
2021,July,Ontario,213
2021,July,Saskatchewan,8980
2021,August,Alberta,289232
2021,August,British Columbia,164678
2021,August,Canada Total,463038
2021,August,NWT & Yukon,31
2021,August,New Brunswick,0
2021,August,Nova Scotia,0
2021,August,Ontario,168
2021,August,Saskatchewan,8930
2021,September,Alberta,283808
2021,September,British Columbia,167573
2021,September,Canada Total,460808
2021,September,NWT & Yukon,190
2021,September,New Brunswick,2
2021,September,Nova Scotia,0
2021,September,Ontario,155
2021,September,Saskatchewan,9080
2021,October,Alberta,290235
2021,October,British Columbia,161505
2021,October,Canada Total,461230
2021,October,NWT & Yukon,173
2021,October,New Brunswick,1
2021,October,Nova Scotia,0
2021,October,Ontario,192
2021,October,Saskatchewan,9125
2021,November,Alberta,295359
2021,November,British Columbia,171983
2021,November,Canada Total,477094
2021,November,NWT & Yukon,188
2021,November,New Brunswick,249
2021,November,Nova Scotia,0
2021,November,Ontario,190
2021,November,Saskatchewan,9126
2021,December,Alberta,286711
2021,December,British Columbia,170788
2021,December,Canada Total,466957
2021,December,NWT & Yukon,194
2021,December,New Brunswick,332
2021,December,Nova Scotia,0
2021,December,Ontario,187
2021,December,Saskatchewan,8745
2022,January,Alberta,289498
2022,January,British Columbia,170522
2022,January,Canada Total,469178
2022,January,NWT & Yukon,184
2022,January,New Brunswick,288
2022,January,Nova Scotia,0
2022,January,Ontario,159
2022,January,Saskatchewan,8527
2022,February,Alberta,296884
2022,February,British Columbia,173247
2022,February,Canada Total,479279
2022,February,NWT & Yukon,177
2022,February,New Brunswick,277
2022,February,Nova Scotia,0
2022,February,Ontario,160
2022,February,Saskatchewan,8533
2022,March,Alberta,303096
2022,March,British Columbia,173632
2022,March,Canada Total,486170
2022,March,NWT & Yukon,168
2022,March,New Brunswick,237
2022,March,Nova Scotia,0
2022,March,Ontario,163
2022,March,Saskatchewan,8874
2022,April,Alberta,310446
2022,April,British Columbia,176778
2022,April,Canada Total,496400
2022,April,NWT & Yukon,170
2022,April,New Brunswick,124
2022,April,Nova Scotia,0
2022,April,Ontario,176
2022,April,Saskatchewan,8707
2022,May,Alberta,302011
2022,May,British Columbia,174745
2022,May,Canada Total,486006
2022,May,NWT & Yukon,189
2022,May,New Brunswick,0
2022,May,Nova Scotia,0
2022,May,Ontario,188
2022,May,Saskatchewan,8872
2022,June,Alberta,298256
2022,June,British Columbia,173100
2022,June,Canada Total,480409
2022,June,NWT & Yukon,175
2022,June,New Brunswick,0
2022,June,Nova Scotia,0
2022,June,Ontario,198
2022,June,Saskatchewan,8679
2022,July,Alberta,309144
2022,July,British Columbia,177232
2022,July,Canada Total,495357
2022,July,NWT & Yukon,161
2022,July,New Brunswick,0
2022,July,Nova Scotia,0
2022,July,Ontario,196
2022,July,Saskatchewan,8623
2022,August,Alberta,305344
2022,August,British Columbia,169422
2022,August,Canada Total,483784
2022,August,NWT & Yukon,157
2022,August,New Brunswick,0
2022,August,Nova Scotia,0
2022,August,Ontario,200
2022,August,Saskatchewan,8660
2022,September,Alberta,307788
2022,September,British Columbia,175184
2022,September,Canada Total,492118
2022,September,NWT & Yukon,137
2022,September,New Brunswick,0
2022,September,Nova Scotia,0
2022,September,Ontario,200
2022,September,Saskatchewan,8810
2022,October,Alberta,309619
2022,October,British Columbia,183863
2022,October,Canada Total,502903
2022,October,NWT & Yukon,161
2022,October,New Brunswick,17
2022,October,Nova Scotia,0
2022,October,Ontario,184
2022,October,Saskatchewan,9059
2022,November,Alberta,311159
2022,November,British Columbia,187830
2022,November,Canada Total,508556
2022,November,NWT & Yukon,163
2022,November,New Brunswick,315
2022,November,Nova Scotia,0
2022,November,Ontario,174
2022,November,Saskatchewan,8914
2022,December,Alberta,303442
2022,December,British Columbia,188163
2022,December,Canada Total,500665
2022,December,NWT & Yukon,165
2022,December,New Brunswick,320
2022,December,Nova Scotia,0
2022,December,Ontario,152
2022,December,Saskatchewan,8422
2023,January,Alberta,313562
2023,January,British Columbia,188008
2023,January,Canada Total,510651
2023,January,NWT & Yukon,137
2023,January,New Brunswick,254
2023,January,Nova Scotia,0
2023,January,Ontario,168
2023,January,Saskatchewan,8523
2023,February,Alberta,314905
2023,February,British Columbia,184298
2023,February,Canada Total,508516
2023,February,NWT & Yukon,137
2023,February,New Brunswick,258
2023,February,Nova Scotia,0
2023,February,Ontario,153
2023,February,Saskatchewan,8766
2023,March,Alberta,313318
2023,March,British Columbia,190282
2023,March,Canada Total,512693
2023,March,NWT & Yukon,131
2023,March,New Brunswick,211
2023,March,Nova Scotia,0
2023,March,Ontario,163
2023,March,Saskatchewan,8587
2023,April,Alberta,314085
2023,April,British Columbia,193215
2023,April,Canada Total,516738
2023,April,NWT & Yukon,148
2023,April,New Brunswick,92
2023,April,Nova Scotia,0
2023,April,Ontario,177
2023,April,Saskatchewan,9021
2023,May,Alberta,274588
2023,May,British Columbia,185487
2023,May,Canada Total,469239
2023,May,NWT & Yukon,140
2023,May,New Brunswick,8
2023,May,Nova Scotia,0
2023,May,Ontario,179
2023,May,Saskatchewan,8837
2023,June,Alberta,292851
2023,June,British Columbia,180744
2023,June,Canada Total,482551
2023,June,NWT & Yukon,151
2023,June,New Brunswick,0
2023,June,Nova Scotia,0
2023,June,Ontario,181
2023,June,Saskatchewan,8624
2023,July,Alberta,313778
2023,July,British Columbia,187091
2023,July,Canada Total,510084
2023,July,NWT & Yukon,138
2023,July,New Brunswick,0
2023,July,Nova Scotia,0
2023,July,Ontario,181
2023,July,Saskatchewan,8895
2023,August,Alberta,315852
2023,August,British Columbia,186857
2023,August,Canada Total,511742
2023,August,NWT & Yukon,121
2023,August,New Brunswick,0
2023,August,Nova Scotia,0
2023,August,Ontario,187
2023,August,Saskatchewan,8725
2023,September,Alberta,307381
2023,September,British Columbia,184120
2023,September,Canada Total,500532
2023,September,NWT & Yukon,124
2023,September,New Brunswick,0
2023,September,Nova Scotia,0
2023,September,Ontario,187
2023,September,Saskatchewan,8721
2023,October,Alberta,308638
2023,October,British Columbia,194745
2023,October,Canada Total,512529
2023,October,NWT & Yukon,128
2023,October,New Brunswick,0
2023,October,Nova Scotia,0
2023,October,Ontario,186
2023,October,Saskatchewan,8832
2023,November,Alberta,321726
2023,November,British Columbia,194111
2023,November,Canada Total,525241
2023,November,NWT & Yukon,138
2023,November,New Brunswick,238
2023,November,Nova Scotia,0
2023,November,Ontario,169
2023,November,Saskatchewan,8858
2023,December,Alberta,323014
2023,December,British Columbia,199608
2023,December,Canada Total,532115
2023,December,NWT & Yukon,156
2023,December,New Brunswick,321
2023,December,Nova Scotia,0
2023,December,Ontario,169
2023,December,Saskatchewan,8847
2024,January,Alberta,305107
2024,January,British Columbia,198349
2024,January,Canada Total,512301
2024,January,NWT & Yukon,136
2024,January,New Brunswick,289
2024,January,Nova Scotia,0
2024,January,Ontario,148
2024,January,Saskatchewan,8272
2024,February,Alberta,315782
2024,February,British Columbia,202990
2024,February,Canada Total,528154
2024,February,NWT & Yukon,129
2024,February,New Brunswick,261
2024,February,Nova Scotia,0
2024,February,Ontario,157
2024,February,Saskatchewan,8836
2024,March,Alberta,314574
2024,March,British Columbia,200070
2024,March,Canada Total,523805
2024,March,NWT & Yukon,144
2024,March,New Brunswick,224
2024,March,Nova Scotia,0
2024,March,Ontario,163
2024,March,Saskatchewan,8630
2024,April,Alberta,314444
2024,April,British Columbia,200532
2024,April,Canada Total,524256
2024,April,NWT & Yukon,139
2024,April,New Brunswick,86
2024,April,Nova Scotia,0
2024,April,Ontario,159
2024,April,Saskatchewan,8897
2024,May,Alberta,306582
2024,May,British Columbia,192917
2024,May,Canada Total,508539
2024,May,NWT & Yukon,130
2024,May,New Brunswick,0
2024,May,Nova Scotia,0
2024,May,Ontario,162
2024,May,Saskatchewan,8748
2024,June,Alberta,306328
2024,June,British Columbia,198042
2024,June,Canada Total,513008
2024,June,NWT & Yukon,117
2024,June,New Brunswick,0
2024,June,Nova Scotia,0
2024,June,Ontario,182
2024,June,Saskatchewan,8339
2024,July,Alberta,305644
2024,July,British Columbia,186266
2024,July,Canada Total,500213
2024,July,NWT & Yukon,120
2024,July,New Brunswick,0
2024,July,Nova Scotia,0
2024,July,Ontario,189
2024,July,Saskatchewan,7994
2024,August,Alberta,308700
2024,August,British Columbia,199150
2024,August,Canada Total,516035
2024,August,NWT & Yukon,125
2024,August,New Brunswick,0
2024,August,Nova Scotia,0
2024,August,Ontario,186
2024,August,Saskatchewan,7874
2024,September,Alberta,292066
2024,September,British Columbia,194250
2024,September,Canada Total,494372
2024,September,NWT & Yukon,130
2024,September,New Brunswick,0
2024,September,Nova Scotia,0
2024,September,Ontario,154
2024,September,Saskatchewan,7772
2024,October,Alberta,311436
2024,October,British Columbia,204102
2024,October,Canada Total,524050
2024,October,NWT & Yukon,127
2024,October,New Brunswick,0
2024,October,Nova Scotia,0
2024,October,Ontario,144
2024,October,Saskatchewan,8241
2024,November,Alberta,318961
2024,November,British Columbia,212783
2024,November,Canada Total,540406
2024,November,NWT & Yukon,147
2024,November,New Brunswick,
2024,November,Nova Scotia,0
2024,November,Ontario,141
2024,November,Saskatchewan,8373
2024,December,Alberta,324850
2024,December,British Columbia,216762
2024,December,Canada Total,550182
2024,December,NWT & Yukon,160
2024,December,New Brunswick,
2024,December,Nova Scotia,0
2024,December,Ontario,123
2024,December,Saskatchewan,8287
2025,January,Alberta,325468
2025,January,British Columbia,213759
2025,January,Canada Total,547425
2025,January,NWT & Yukon,146
2025,January,New Brunswick,
2025,January,Nova Scotia,0
2025,January,Ontario,105
2025,January,Saskatchewan,7948
2025,February,Alberta,317009
2025,February,British Columbia,213565
2025,February,Canada Total,538505
2025,February,NWT & Yukon,112
2025,February,New Brunswick,
2025,February,Nova Scotia,0
2025,February,Ontario,111
2025,February,Saskatchewan,7709
2025,March,Alberta,327978
2025,March,British Columbia,212377
2025,March,Canada Total,548946
2025,March,NWT & Yukon,107
2025,March,New Brunswick,
2025,March,Nova Scotia,0
2025,March,Ontario,129
2025,March,Saskatchewan,8355
2025,April,Alberta,326191
2025,April,British Columbia,205848
2025,April,Canada Total,540471
2025,April,NWT & Yukon,112
2025,April,New Brunswick,
2025,April,Nova Scotia,0
2025,April,Ontario,144
2025,April,Saskatchewan,8178
2025,May,Alberta,318420
2025,May,British Columbia,212018
2025,May,Canada Total,538480
2025,May,NWT & Yukon,118
2025,May,New Brunswick,
2025,May,Nova Scotia,0
2025,May,Ontario,146
2025,May,Saskatchewan,7777
2025,June,Alberta,307840
2025,June,British Columbia,206835
2025,June,Canada Total,522979
2025,June,NWT & Yukon,100
2025,June,New Brunswick,
2025,June,Nova Scotia,0
2025,June,Ontario,185
2025,June,Saskatchewan,8019
2025,July,Alberta,315914
2025,July,British Columbia,212040
2025,July,Canada Total,536069
2025,July,NWT & Yukon,101
2025,July,New Brunswick,
2025,July,Nova Scotia,0
2025,July,Ontario,187
2025,July,Saskatchewan,7826
2025,August,Alberta,313706
2025,August,British Columbia,199297
2025,August,Canada Total,521131
2025,August,NWT & Yukon,110
2025,August,New Brunswick,
2025,August,Nova Scotia,0
2025,August,Ontario,174
2025,August,Saskatchewan,7843
2025,September,Alberta,313921
2025,September,British Columbia,190369
2025,September,Canada Total,512361
2025,September,NWT & Yukon,108
2025,September,New Brunswick,
2025,September,Nova Scotia,0
2025,September,Ontario,214
2025,September,Saskatchewan,7750
2025,October,Alberta,321875
2025,October,British Columbia,210933
2025,October,Canada Total,540768
2025,October,NWT & Yukon,
2025,October,New Brunswick,
2025,October,Nova Scotia,0
2025,October,Ontario,197
2025,October,Saskatchewan,7764
2025,November,Alberta,333954
2025,November,British Columbia,
2025,November,Canada Total,
2025,November,NWT & Yukon,
2025,November,New Brunswick,
2025,November,Nova Scotia,
2025,November,Ontario,
2025,November,Saskatchewan,
2025,December,Alberta,
2025,December,British Columbia,
2025,December,Canada Total,
2025,December,NWT & Yukon,
2025,December,New Brunswick,
2025,December,Nova Scotia,
2025,December,Ontario,
2025,December,Saskatchewan,
