Year,Month,Province,Production_mmcfd
2000,January,Alberta,13670
2000,January,British Columbia,1921
2000,January,Canada Total,16354
2000,January,NWT & Yukon,63
2000,January,New Brunswick,
2000,January,Nova Scotia,34
2000,January,Ontario,58
2000,January,Saskatchewan,609
2000,February,Alberta,13811
2000,February,British Columbia,1942
2000,February,Canada Total,16614
2000,February,NWT & Yukon,63
2000,February,New Brunswick,
2000,February,Nova Scotia,134
2000,February,Ontario,56
2000,February,Saskatchewan,608
2000,March,Alberta,13762
2000,March,British Columbia,2010
2000,March,Canada Total,16753
2000,March,NWT & Yukon,47
2000,March,New Brunswick,
2000,March,Nova Scotia,271
2000,March,Ontario,56
2000,March,Saskatchewan,608
2000,April,Alberta,13822
2000,April,British Columbia,2135
2000,April,Canada Total,16996
2000,April,NWT & Yukon,66
2000,April,New Brunswick,
2000,April,Nova Scotia,317
2000,April,Ontario,56
2000,April,Saskatchewan,601
2000,May,Alberta,13443
2000,May,British Columbia,2144
2000,May,Canada Total,16690
2000,May,NWT & Yukon,136
2000,May,New Brunswick,
2000,May,Nova Scotia,328
2000,May,Ontario,55
2000,May,Saskatchewan,584
2000,June,Alberta,13205
2000,June,British Columbia,2083
2000,June,Canada Total,16446
2000,June,NWT & Yukon,135
2000,June,New Brunswick,
2000,June,Nova Scotia,366
2000,June,Ontario,57
2000,June,Saskatchewan,600
2000,July,Alberta,13632
2000,July,British Columbia,1843
2000,July,Canada Total,16585
2000,July,NWT & Yukon,65
2000,July,New Brunswick,
2000,July,Nova Scotia,397
2000,July,Ontario,56
2000,July,Saskatchewan,593
2000,August,Alberta,13607
2000,August,British Columbia,2085
2000,August,Canada Total,16896
2000,August,NWT & Yukon,126
2000,August,New Brunswick,
2000,August,Nova Scotia,426
2000,August,Ontario,56
2000,August,Saskatchewan,595
2000,September,Alberta,13374
2000,September,British Columbia,2008
2000,September,Canada Total,16580
2000,September,NWT & Yukon,125
2000,September,New Brunswick,
2000,September,Nova Scotia,417
2000,September,Ontario,56
2000,September,Saskatchewan,600
2000,October,Alberta,13553
2000,October,British Columbia,2102
2000,October,Canada Total,16860
2000,October,NWT & Yukon,115
2000,October,New Brunswick,
2000,October,Nova Scotia,432
2000,October,Ontario,56
2000,October,Saskatchewan,601
2000,November,Alberta,13620
2000,November,British Columbia,2126
2000,November,Canada Total,17021
2000,November,NWT & Yukon,135
2000,November,New Brunswick,
2000,November,Nova Scotia,444
2000,November,Ontario,71
2000,November,Saskatchewan,625
2000,December,Alberta,13504
2000,December,British Columbia,2069
2000,December,Canada Total,16791
2000,December,NWT & Yukon,142
2000,December,New Brunswick,
2000,December,Nova Scotia,422
2000,December,Ontario,40
2000,December,Saskatchewan,615
2001,January,Alberta,13930
2001,January,British Columbia,2111
2001,January,Canada Total,17260
2001,January,NWT & Yukon,139
2001,January,New Brunswick,
2001,January,Nova Scotia,416
2001,January,Ontario,41
2001,January,Saskatchewan,624
2001,February,Alberta,13859
2001,February,British Columbia,2113
2001,February,Canada Total,17231
2001,February,NWT & Yukon,147
2001,February,New Brunswick,
2001,February,Nova Scotia,471
2001,February,Ontario,32
2001,February,Saskatchewan,610
2001,March,Alberta,13871
2001,March,British Columbia,2086
2001,March,Canada Total,17218
2001,March,NWT & Yukon,140
2001,March,New Brunswick,
2001,March,Nova Scotia,476
2001,March,Ontario,34
2001,March,Saskatchewan,610
2001,April,Alberta,14003
2001,April,British Columbia,2294
2001,April,Canada Total,17514
2001,April,NWT & Yukon,144
2001,April,New Brunswick,
2001,April,Nova Scotia,437
2001,April,Ontario,29
2001,April,Saskatchewan,606
2001,May,Alberta,14018
2001,May,British Columbia,2382
2001,May,Canada Total,17671
2001,May,NWT & Yukon,145
2001,May,New Brunswick,
2001,May,Nova Scotia,485
2001,May,Ontario,31
2001,May,Saskatchewan,609
2001,June,Alberta,13975
2001,June,British Columbia,2356
2001,June,Canada Total,17559
2001,June,NWT & Yukon,113
2001,June,New Brunswick,
2001,June,Nova Scotia,476
2001,June,Ontario,32
2001,June,Saskatchewan,607
2001,July,Alberta,13670
2001,July,British Columbia,2549
2001,July,Canada Total,17481
2001,July,NWT & Yukon,150
2001,July,New Brunswick,
2001,July,Nova Scotia,479
2001,July,Ontario,34
2001,July,Saskatchewan,597
2001,August,Alberta,13618
2001,August,British Columbia,2598
2001,August,Canada Total,17525
2001,August,NWT & Yukon,153
2001,August,New Brunswick,
2001,August,Nova Scotia,522
2001,August,Ontario,38
2001,August,Saskatchewan,596
2001,September,Alberta,13513
2001,September,British Columbia,2490
2001,September,Canada Total,17318
2001,September,NWT & Yukon,152
2001,September,New Brunswick,
2001,September,Nova Scotia,519
2001,September,Ontario,31
2001,September,Saskatchewan,615
2001,October,Alberta,13583
2001,October,British Columbia,2530
2001,October,Canada Total,17468
2001,October,NWT & Yukon,158
2001,October,New Brunswick,
2001,October,Nova Scotia,538
2001,October,Ontario,35
2001,October,Saskatchewan,624
2001,November,Alberta,13757
2001,November,British Columbia,2543
2001,November,Canada Total,17642
2001,November,NWT & Yukon,160
2001,November,New Brunswick,
2001,November,Nova Scotia,517
2001,November,Ontario,38
2001,November,Saskatchewan,627
2001,December,Alberta,13744
2001,December,British Columbia,2636
2001,December,Canada Total,17751
2001,December,NWT & Yukon,137
2001,December,New Brunswick,
2001,December,Nova Scotia,565
2001,December,Ontario,37
2001,December,Saskatchewan,631
2002,January,Alberta,13485
2002,January,British Columbia,2518
2002,January,Canada Total,17320
2002,January,NWT & Yukon,143
2002,January,New Brunswick,
2002,January,Nova Scotia,508
2002,January,Ontario,37
2002,January,Saskatchewan,628
2002,February,Alberta,13602
2002,February,British Columbia,2641
2002,February,Canada Total,17559
2002,February,NWT & Yukon,147
2002,February,New Brunswick,
2002,February,Nova Scotia,517
2002,February,Ontario,36
2002,February,Saskatchewan,616
2002,March,Alberta,13534
2002,March,British Columbia,2796
2002,March,Canada Total,17627
2002,March,NWT & Yukon,122
2002,March,New Brunswick,
2002,March,Nova Scotia,531
2002,March,Ontario,35
2002,March,Saskatchewan,608
2002,April,Alberta,13766
2002,April,British Columbia,2874
2002,April,Canada Total,17927
2002,April,NWT & Yukon,132
2002,April,New Brunswick,
2002,April,Nova Scotia,512
2002,April,Ontario,36
2002,April,Saskatchewan,608
2002,May,Alberta,13162
2002,May,British Columbia,2844
2002,May,Canada Total,17223
2002,May,NWT & Yukon,126
2002,May,New Brunswick,
2002,May,Nova Scotia,467
2002,May,Ontario,36
2002,May,Saskatchewan,587
2002,June,Alberta,13223
2002,June,British Columbia,2787
2002,June,Canada Total,17262
2002,June,NWT & Yukon,123
2002,June,New Brunswick,
2002,June,Nova Scotia,501
2002,June,Ontario,35
2002,June,Saskatchewan,593
2002,July,Alberta,13238
2002,July,British Columbia,2701
2002,July,Canada Total,17196
2002,July,NWT & Yukon,127
2002,July,New Brunswick,
2002,July,Nova Scotia,511
2002,July,Ontario,34
2002,July,Saskatchewan,585
2002,August,Alberta,13302
2002,August,British Columbia,2432
2002,August,Canada Total,16996
2002,August,NWT & Yukon,114
2002,August,New Brunswick,
2002,August,Nova Scotia,521
2002,August,Ontario,37
2002,August,Saskatchewan,590
2002,September,Alberta,13199
2002,September,British Columbia,2501
2002,September,Canada Total,16939
2002,September,NWT & Yukon,89
2002,September,New Brunswick,
2002,September,Nova Scotia,520
2002,September,Ontario,33
2002,September,Saskatchewan,597
2002,October,Alberta,13371
2002,October,British Columbia,2616
2002,October,Canada Total,17199
2002,October,NWT & Yukon,116
2002,October,New Brunswick,
2002,October,Nova Scotia,450
2002,October,Ontario,35
2002,October,Saskatchewan,612
2002,November,Alberta,13443
2002,November,British Columbia,2549
2002,November,Canada Total,17280
2002,November,NWT & Yukon,104
2002,November,New Brunswick,
2002,November,Nova Scotia,511
2002,November,Ontario,36
2002,November,Saskatchewan,638
2002,December,Alberta,13520
2002,December,British Columbia,2505
2002,December,Canada Total,17325
2002,December,NWT & Yukon,104
2002,December,New Brunswick,
2002,December,Nova Scotia,501
2002,December,Ontario,38
2002,December,Saskatchewan,657
2003,January,Alberta,13058
2003,January,British Columbia,2394
2003,January,Canada Total,16708
2003,January,NWT & Yukon,97
2003,January,New Brunswick,
2003,January,Nova Scotia,452
2003,January,Ontario,30
2003,January,Saskatchewan,677
2003,February,Alberta,13192
2003,February,British Columbia,2384
2003,February,Canada Total,16790
2003,February,NWT & Yukon,95
2003,February,New Brunswick,
2003,February,Nova Scotia,409
2003,February,Ontario,29
2003,February,Saskatchewan,681
2003,March,Alberta,13182
2003,March,British Columbia,2435
2003,March,Canada Total,16842
2003,March,NWT & Yukon,91
2003,March,New Brunswick,
2003,March,Nova Scotia,439
2003,March,Ontario,29
2003,March,Saskatchewan,666
2003,April,Alberta,13255
2003,April,British Columbia,2561
2003,April,Canada Total,17070
2003,April,NWT & Yukon,93
2003,April,New Brunswick,1
2003,April,Nova Scotia,455
2003,April,Ontario,29
2003,April,Saskatchewan,677
2003,May,Alberta,12852
2003,May,British Columbia,2502
2003,May,Canada Total,16607
2003,May,NWT & Yukon,105
2003,May,New Brunswick,2
2003,May,Nova Scotia,467
2003,May,Ontario,29
2003,May,Saskatchewan,650
2003,June,Alberta,12797
2003,June,British Columbia,2458
2003,June,Canada Total,16468
2003,June,NWT & Yukon,93
2003,June,New Brunswick,2
2003,June,Nova Scotia,444
2003,June,Ontario,27
2003,June,Saskatchewan,648
2003,July,Alberta,13062
2003,July,British Columbia,2270
2003,July,Canada Total,16526
2003,July,NWT & Yukon,68
2003,July,New Brunswick,1
2003,July,Nova Scotia,442
2003,July,Ontario,28
2003,July,Saskatchewan,655
2003,August,Alberta,13024
2003,August,British Columbia,2457
2003,August,Canada Total,16676
2003,August,NWT & Yukon,99
2003,August,New Brunswick,1
2003,August,Nova Scotia,405
2003,August,Ontario,27
2003,August,Saskatchewan,664
2003,September,Alberta,12862
2003,September,British Columbia,2450
2003,September,Canada Total,16537
2003,September,NWT & Yukon,104
2003,September,New Brunswick,2
2003,September,Nova Scotia,399
2003,September,Ontario,29
2003,September,Saskatchewan,692
2003,October,Alberta,13051
2003,October,British Columbia,2457
2003,October,Canada Total,16740
2003,October,NWT & Yukon,100
2003,October,New Brunswick,2
2003,October,Nova Scotia,408
2003,October,Ontario,28
2003,October,Saskatchewan,693
2003,November,Alberta,13105
2003,November,British Columbia,2445
2003,November,Canada Total,16778
2003,November,NWT & Yukon,97
2003,November,New Brunswick,2
2003,November,Nova Scotia,415
2003,November,Ontario,29
2003,November,Saskatchewan,686
2003,December,Alberta,13205
2003,December,British Columbia,2442
2003,December,Canada Total,16942
2003,December,NWT & Yukon,95
2003,December,New Brunswick,2
2003,December,Nova Scotia,453
2003,December,Ontario,29
2003,December,Saskatchewan,716
2004,January,Alberta,12916
2004,January,British Columbia,2444
2004,January,Canada Total,16628
2004,January,NWT & Yukon,95
2004,January,New Brunswick,2
2004,January,Nova Scotia,452
2004,January,Ontario,28
2004,January,Saskatchewan,691
2004,February,Alberta,13126
2004,February,British Columbia,2544
2004,February,Canada Total,16930
2004,February,NWT & Yukon,83
2004,February,New Brunswick,2
2004,February,Nova Scotia,445
2004,February,Ontario,26
2004,February,Saskatchewan,703
2004,March,Alberta,13320
2004,March,British Columbia,2568
2004,March,Canada Total,17166
2004,March,NWT & Yukon,74
2004,March,New Brunswick,2
2004,March,Nova Scotia,444
2004,March,Ontario,27
2004,March,Saskatchewan,731
2004,April,Alberta,13427
2004,April,British Columbia,2718
2004,April,Canada Total,17412
2004,April,NWT & Yukon,80
2004,April,New Brunswick,2
2004,April,Nova Scotia,430
2004,April,Ontario,27
2004,April,Saskatchewan,728
2004,May,Alberta,13308
2004,May,British Columbia,2713
2004,May,Canada Total,17238
2004,May,NWT & Yukon,78
2004,May,New Brunswick,2
2004,May,Nova Scotia,400
2004,May,Ontario,26
2004,May,Saskatchewan,711
2004,June,Alberta,13146
2004,June,British Columbia,2472
2004,June,Canada Total,16835
2004,June,NWT & Yukon,80
2004,June,New Brunswick,2
2004,June,Nova Scotia,403
2004,June,Ontario,26
2004,June,Saskatchewan,705
2004,July,Alberta,13118
2004,July,British Columbia,2501
2004,July,Canada Total,16799
2004,July,NWT & Yukon,76
2004,July,New Brunswick,2
2004,July,Nova Scotia,374
2004,July,Ontario,27
2004,July,Saskatchewan,702
2004,August,Alberta,13244
2004,August,British Columbia,2380
2004,August,Canada Total,16812
2004,August,NWT & Yukon,73
2004,August,New Brunswick,1
2004,August,Nova Scotia,380
2004,August,Ontario,27
2004,August,Saskatchewan,706
2004,September,Alberta,13032
2004,September,British Columbia,2420
2004,September,Canada Total,16655
2004,September,NWT & Yukon,73
2004,September,New Brunswick,2
2004,September,Nova Scotia,397
2004,September,Ontario,23
2004,September,Saskatchewan,709
2004,October,Alberta,13192
2004,October,British Columbia,2468
2004,October,Canada Total,16846
2004,October,NWT & Yukon,63
2004,October,New Brunswick,2
2004,October,Nova Scotia,376
2004,October,Ontario,27
2004,October,Saskatchewan,719
2004,November,Alberta,13303
2004,November,British Columbia,2556
2004,November,Canada Total,17064
2004,November,NWT & Yukon,76
2004,November,New Brunswick,2
2004,November,Nova Scotia,367
2004,November,Ontario,27
2004,November,Saskatchewan,733
2004,December,Alberta,13257
2004,December,British Columbia,2473
2004,December,Canada Total,16919
2004,December,NWT & Yukon,67
2004,December,New Brunswick,2
2004,December,Nova Scotia,367
2004,December,Ontario,26
2004,December,Saskatchewan,727
2005,January,Alberta,13002
2005,January,British Columbia,2494
2005,January,Canada Total,16632
2005,January,NWT & Yukon,54
2005,January,New Brunswick,2
2005,January,Nova Scotia,352
2005,January,Ontario,25
2005,January,Saskatchewan,702
2005,February,Alberta,13238
2005,February,British Columbia,2541
2005,February,Canada Total,16954
2005,February,NWT & Yukon,47
2005,February,New Brunswick,2
2005,February,Nova Scotia,377
2005,February,Ontario,25
2005,February,Saskatchewan,723
2005,March,Alberta,13391
2005,March,British Columbia,2575
2005,March,Canada Total,17154
2005,March,NWT & Yukon,53
2005,March,New Brunswick,2
2005,March,Nova Scotia,378
2005,March,Ontario,24
2005,March,Saskatchewan,732
2005,April,Alberta,13478
2005,April,British Columbia,2756
2005,April,Canada Total,17416
2005,April,NWT & Yukon,57
2005,April,New Brunswick,2
2005,April,Nova Scotia,380
2005,April,Ontario,25
2005,April,Saskatchewan,718
2005,May,Alberta,13125
2005,May,British Columbia,2673
2005,May,Canada Total,16911
2005,May,NWT & Yukon,66
2005,May,New Brunswick,2
2005,May,Nova Scotia,352
2005,May,Ontario,24
2005,May,Saskatchewan,669
2005,June,Alberta,12908
2005,June,British Columbia,2530
2005,June,Canada Total,16602
2005,June,NWT & Yukon,65
2005,June,New Brunswick,2
2005,June,Nova Scotia,386
2005,June,Ontario,22
2005,June,Saskatchewan,691
2005,July,Alberta,13248
2005,July,British Columbia,2576
2005,July,Canada Total,16994
2005,July,NWT & Yukon,63
2005,July,New Brunswick,1
2005,July,Nova Scotia,394
2005,July,Ontario,24
2005,July,Saskatchewan,689
2005,August,Alberta,13216
2005,August,British Columbia,2685
2005,August,Canada Total,17102
2005,August,NWT & Yukon,63
2005,August,New Brunswick,1
2005,August,Nova Scotia,424
2005,August,Ontario,24
2005,August,Saskatchewan,688
2005,September,Alberta,13088
2005,September,British Columbia,2625
2005,September,Canada Total,16895
2005,September,NWT & Yukon,57
2005,September,New Brunswick,2
2005,September,Nova Scotia,413
2005,September,Ontario,26
2005,September,Saskatchewan,683
2005,October,Alberta,13221
2005,October,British Columbia,2654
2005,October,Canada Total,17056
2005,October,NWT & Yukon,51
2005,October,New Brunswick,2
2005,October,Nova Scotia,406
2005,October,Ontario,26
2005,October,Saskatchewan,695
2005,November,Alberta,13353
2005,November,British Columbia,2693
2005,November,Canada Total,17246
2005,November,NWT & Yukon,49
2005,November,New Brunswick,2
2005,November,Nova Scotia,406
2005,November,Ontario,26
2005,November,Saskatchewan,718
2005,December,Alberta,13431
2005,December,British Columbia,2682
2005,December,Canada Total,17298
2005,December,NWT & Yukon,48
2005,December,New Brunswick,2
2005,December,Nova Scotia,382
2005,December,Ontario,25
2005,December,Saskatchewan,728
2006,January,Alberta,13417
2006,January,British Columbia,2603
2006,January,Canada Total,17213
2006,January,NWT & Yukon,43
2006,January,New Brunswick,2
2006,January,Nova Scotia,378
2006,January,Ontario,27
2006,January,Saskatchewan,742
2006,February,Alberta,13407
2006,February,British Columbia,2604
2006,February,Canada Total,17178
2006,February,NWT & Yukon,38
2006,February,New Brunswick,2
2006,February,Nova Scotia,367
2006,February,Ontario,26
2006,February,Saskatchewan,734
2006,March,Alberta,13602
2006,March,British Columbia,2606
2006,March,Canada Total,17350
2006,March,NWT & Yukon,39
2006,March,New Brunswick,2
2006,March,Nova Scotia,334
2006,March,Ontario,26
2006,March,Saskatchewan,741
2006,April,Alberta,13707
2006,April,British Columbia,2767
2006,April,Canada Total,17588
2006,April,NWT & Yukon,37
2006,April,New Brunswick,2
2006,April,Nova Scotia,316
2006,April,Ontario,26
2006,April,Saskatchewan,731
2006,May,Alberta,13456
2006,May,British Columbia,2768
2006,May,Canada Total,17315
2006,May,NWT & Yukon,36
2006,May,New Brunswick,2
2006,May,Nova Scotia,305
2006,May,Ontario,27
2006,May,Saskatchewan,721
2006,June,Alberta,12971
2006,June,British Columbia,2665
2006,June,Canada Total,16721
2006,June,NWT & Yukon,37
2006,June,New Brunswick,2
2006,June,Nova Scotia,320
2006,June,Ontario,24
2006,June,Saskatchewan,702
2006,July,Alberta,13303
2006,July,British Columbia,2350
2006,July,Canada Total,16811
2006,July,NWT & Yukon,27
2006,July,New Brunswick,1
2006,July,Nova Scotia,411
2006,July,Ontario,23
2006,July,Saskatchewan,696
2006,August,Alberta,13483
2006,August,British Columbia,2668
2006,August,Canada Total,17317
2006,August,NWT & Yukon,37
2006,August,New Brunswick,0
2006,August,Nova Scotia,406
2006,August,Ontario,24
2006,August,Saskatchewan,699
2006,September,Alberta,13097
2006,September,British Columbia,2679
2006,September,Canada Total,16834
2006,September,NWT & Yukon,36
2006,September,New Brunswick,2
2006,September,Nova Scotia,312
2006,September,Ontario,24
2006,September,Saskatchewan,683
2006,October,Alberta,13411
2006,October,British Columbia,2566
2006,October,Canada Total,17096
2006,October,NWT & Yukon,35
2006,October,New Brunswick,2
2006,October,Nova Scotia,370
2006,October,Ontario,24
2006,October,Saskatchewan,688
2006,November,Alberta,13176
2006,November,British Columbia,2464
2006,November,Canada Total,16743
2006,November,NWT & Yukon,35
2006,November,New Brunswick,2
2006,November,Nova Scotia,347
2006,November,Ontario,25
2006,November,Saskatchewan,694
2006,December,Alberta,13525
2006,December,British Columbia,2479
2006,December,Canada Total,17080
2006,December,NWT & Yukon,36
2006,December,New Brunswick,2
2006,December,Nova Scotia,317
2006,December,Ontario,24
2006,December,Saskatchewan,697
2007,January,Alberta,13439
2007,January,British Columbia,2574
2007,January,Canada Total,17056
2007,January,NWT & Yukon,32
2007,January,New Brunswick,2
2007,January,Nova Scotia,305
2007,January,Ontario,23
2007,January,Saskatchewan,681
2007,February,Alberta,13396
2007,February,British Columbia,2619
2007,February,Canada Total,17097
2007,February,NWT & Yukon,35
2007,February,New Brunswick,2
2007,February,Nova Scotia,359
2007,February,Ontario,21
2007,February,Saskatchewan,666
2007,March,Alberta,13502
2007,March,British Columbia,2604
2007,March,Canada Total,17210
2007,March,NWT & Yukon,35
2007,March,New Brunswick,2
2007,March,Nova Scotia,362
2007,March,Ontario,21
2007,March,Saskatchewan,685
2007,April,Alberta,13525
2007,April,British Columbia,2747
2007,April,Canada Total,17419
2007,April,NWT & Yukon,35
2007,April,New Brunswick,2
2007,April,Nova Scotia,423
2007,April,Ontario,17
2007,April,Saskatchewan,670
2007,May,Alberta,13313
2007,May,British Columbia,2543
2007,May,Canada Total,17033
2007,May,NWT & Yukon,34
2007,May,New Brunswick,2
2007,May,Nova Scotia,458
2007,May,Ontario,21
2007,May,Saskatchewan,663
2007,June,Alberta,12908
2007,June,British Columbia,2473
2007,June,Canada Total,16499
2007,June,NWT & Yukon,32
2007,June,New Brunswick,3
2007,June,Nova Scotia,408
2007,June,Ontario,21
2007,June,Saskatchewan,654
2007,July,Alberta,12854
2007,July,British Columbia,2624
2007,July,Canada Total,16605
2007,July,NWT & Yukon,32
2007,July,New Brunswick,28
2007,July,Nova Scotia,395
2007,July,Ontario,21
2007,July,Saskatchewan,651
2007,August,Alberta,13043
2007,August,British Columbia,2659
2007,August,Canada Total,16874
2007,August,NWT & Yukon,30
2007,August,New Brunswick,28
2007,August,Nova Scotia,442
2007,August,Ontario,21
2007,August,Saskatchewan,650
2007,September,Alberta,12752
2007,September,British Columbia,2684
2007,September,Canada Total,16623
2007,September,NWT & Yukon,30
2007,September,New Brunswick,29
2007,September,Nova Scotia,456
2007,September,Ontario,21
2007,September,Saskatchewan,650
2007,October,Alberta,12901
2007,October,British Columbia,2654
2007,October,Canada Total,16626
2007,October,NWT & Yukon,30
2007,October,New Brunswick,28
2007,October,Nova Scotia,345
2007,October,Ontario,21
2007,October,Saskatchewan,647
2007,November,Alberta,12753
2007,November,British Columbia,2631
2007,November,Canada Total,16526
2007,November,NWT & Yukon,29
2007,November,New Brunswick,31
2007,November,Nova Scotia,412
2007,November,Ontario,20
2007,November,Saskatchewan,650
2007,December,Alberta,12735
2007,December,British Columbia,2564
2007,December,Canada Total,16407
2007,December,NWT & Yukon,25
2007,December,New Brunswick,30
2007,December,Nova Scotia,400
2007,December,Ontario,20
2007,December,Saskatchewan,633
2008,January,Alberta,12498
2008,January,British Columbia,2555
2008,January,Canada Total,16190
2008,January,NWT & Yukon,23
2008,January,New Brunswick,27
2008,January,Nova Scotia,440
2008,January,Ontario,19
2008,January,Saskatchewan,628
2008,February,Alberta,12343
2008,February,British Columbia,2557
2008,February,Canada Total,16015
2008,February,NWT & Yukon,23
2008,February,New Brunswick,28
2008,February,Nova Scotia,431
2008,February,Ontario,19
2008,February,Saskatchewan,615
2008,March,Alberta,12686
2008,March,British Columbia,2663
2008,March,Canada Total,16519
2008,March,NWT & Yukon,24
2008,March,New Brunswick,29
2008,March,Nova Scotia,462
2008,March,Ontario,19
2008,March,Saskatchewan,637
2008,April,Alberta,12835
2008,April,British Columbia,2760
2008,April,Canada Total,16726
2008,April,NWT & Yukon,23
2008,April,New Brunswick,28
2008,April,Nova Scotia,431
2008,April,Ontario,19
2008,April,Saskatchewan,629
2008,May,Alberta,12508
2008,May,British Columbia,2772
2008,May,Canada Total,16412
2008,May,NWT & Yukon,23
2008,May,New Brunswick,26
2008,May,Nova Scotia,444
2008,May,Ontario,20
2008,May,Saskatchewan,621
2008,June,Alberta,12213
2008,June,British Columbia,2442
2008,June,Canada Total,15707
2008,June,NWT & Yukon,23
2008,June,New Brunswick,25
2008,June,Nova Scotia,376
2008,June,Ontario,19
2008,June,Saskatchewan,609
2008,July,Alberta,12466
2008,July,British Columbia,2733
2008,July,Canada Total,16296
2008,July,NWT & Yukon,23
2008,July,New Brunswick,25
2008,July,Nova Scotia,419
2008,July,Ontario,19
2008,July,Saskatchewan,611
2008,August,Alberta,12348
2008,August,British Columbia,2749
2008,August,Canada Total,16092
2008,August,NWT & Yukon,23
2008,August,New Brunswick,25
2008,August,Nova Scotia,312
2008,August,Ontario,19
2008,August,Saskatchewan,616
2008,September,Alberta,12237
2008,September,British Columbia,2772
2008,September,Canada Total,16102
2008,September,NWT & Yukon,22
2008,September,New Brunswick,25
2008,September,Nova Scotia,415
2008,September,Ontario,19
2008,September,Saskatchewan,611
2008,October,Alberta,12215
2008,October,British Columbia,2730
2008,October,Canada Total,16043
2008,October,NWT & Yukon,22
2008,October,New Brunswick,24
2008,October,Nova Scotia,425
2008,October,Ontario,19
2008,October,Saskatchewan,607
2008,November,Alberta,12208
2008,November,British Columbia,2719
2008,November,Canada Total,16024
2008,November,NWT & Yukon,21
2008,November,New Brunswick,30
2008,November,Nova Scotia,410
2008,November,Ontario,19
2008,November,Saskatchewan,616
2008,December,Alberta,11772
2008,December,British Columbia,2653
2008,December,Canada Total,15473
2008,December,NWT & Yukon,20
2008,December,New Brunswick,27
2008,December,Nova Scotia,401
2008,December,Ontario,17
2008,December,Saskatchewan,584
2009,January,Alberta,11796
2009,January,British Columbia,2666
2009,January,Canada Total,15482
2009,January,NWT & Yukon,17
2009,January,New Brunswick,26
2009,January,Nova Scotia,380
2009,January,Ontario,18
2009,January,Saskatchewan,579
2009,February,Alberta,12068
2009,February,British Columbia,2739
2009,February,Canada Total,15872
2009,February,NWT & Yukon,23
2009,February,New Brunswick,26
2009,February,Nova Scotia,400
2009,February,Ontario,17
2009,February,Saskatchewan,599
2009,March,Alberta,11943
2009,March,British Columbia,2761
2009,March,Canada Total,15733
2009,March,NWT & Yukon,22
2009,March,New Brunswick,24
2009,March,Nova Scotia,374
2009,March,Ontario,18
2009,March,Saskatchewan,592
2009,April,Alberta,12296
2009,April,British Columbia,2846
2009,April,Canada Total,16101
2009,April,NWT & Yukon,22
2009,April,New Brunswick,23
2009,April,Nova Scotia,308
2009,April,Ontario,18
2009,April,Saskatchewan,588
2009,May,Alberta,11732
2009,May,British Columbia,2753
2009,May,Canada Total,15496
2009,May,NWT & Yukon,22
2009,May,New Brunswick,22
2009,May,Nova Scotia,367
2009,May,Ontario,18
2009,May,Saskatchewan,580
2009,June,Alberta,11684
2009,June,British Columbia,2568
2009,June,Canada Total,15198
2009,June,NWT & Yukon,18
2009,June,New Brunswick,21
2009,June,Nova Scotia,318
2009,June,Ontario,18
2009,June,Saskatchewan,571
2009,July,Alberta,11562
2009,July,British Columbia,2711
2009,July,Canada Total,15249
2009,July,NWT & Yukon,16
2009,July,New Brunswick,21
2009,July,Nova Scotia,351
2009,July,Ontario,18
2009,July,Saskatchewan,569
2009,August,Alberta,11367
2009,August,British Columbia,2676
2009,August,Canada Total,14760
2009,August,NWT & Yukon,24
2009,August,New Brunswick,21
2009,August,Nova Scotia,81
2009,August,Ontario,18
2009,August,Saskatchewan,574
2009,September,Alberta,10725
2009,September,British Columbia,2493
2009,September,Canada Total,14171
2009,September,NWT & Yukon,24
2009,September,New Brunswick,19
2009,September,Nova Scotia,335
2009,September,Ontario,18
2009,September,Saskatchewan,558
2009,October,Alberta,10803
2009,October,British Columbia,2526
2009,October,Canada Total,14273
2009,October,NWT & Yukon,22
2009,October,New Brunswick,28
2009,October,Nova Scotia,332
2009,October,Ontario,17
2009,October,Saskatchewan,545
2009,November,Alberta,11075
2009,November,British Columbia,2678
2009,November,Canada Total,14685
2009,November,NWT & Yukon,22
2009,November,New Brunswick,24
2009,November,Nova Scotia,333
2009,November,Ontario,17
2009,November,Saskatchewan,536
2009,December,Alberta,10709
2009,December,British Columbia,2584
2009,December,Canada Total,14199
2009,December,NWT & Yukon,21
2009,December,New Brunswick,23
2009,December,Nova Scotia,324
2009,December,Ontario,17
2009,December,Saskatchewan,521
2010,January,Alberta,10917
2010,January,British Columbia,2713
2010,January,Canada Total,14533
2010,January,NWT & Yukon,22
2010,January,New Brunswick,21
2010,January,Nova Scotia,317
2010,January,Ontario,17
2010,January,Saskatchewan,526
2010,February,Alberta,11078
2010,February,British Columbia,2794
2010,February,Canada Total,14759
2010,February,NWT & Yukon,22
2010,February,New Brunswick,18
2010,February,Nova Scotia,312
2010,February,Ontario,17
2010,February,Saskatchewan,519
2010,March,Alberta,11231
2010,March,British Columbia,2778
2010,March,Canada Total,14910
2010,March,NWT & Yukon,21
2010,March,New Brunswick,20
2010,March,Nova Scotia,320
2010,March,Ontario,17
2010,March,Saskatchewan,523
2010,April,Alberta,11322
2010,April,British Columbia,2895
2010,April,Canada Total,15093
2010,April,NWT & Yukon,22
2010,April,New Brunswick,19
2010,April,Nova Scotia,306
2010,April,Ontario,17
2010,April,Saskatchewan,513
2010,May,Alberta,11148
2010,May,British Columbia,2871
2010,May,Canada Total,14825
2010,May,NWT & Yukon,21
2010,May,New Brunswick,18
2010,May,Nova Scotia,250
2010,May,Ontario,17
2010,May,Saskatchewan,500
2010,June,Alberta,10722
2010,June,British Columbia,2718
2010,June,Canada Total,14299
2010,June,NWT & Yukon,19
2010,June,New Brunswick,18
2010,June,Nova Scotia,305
2010,June,Ontario,17
2010,June,Saskatchewan,500
2010,July,Alberta,10913
2010,July,British Columbia,2705
2010,July,Canada Total,14465
2010,July,NWT & Yukon,13
2010,July,New Brunswick,17
2010,July,Nova Scotia,304
2010,July,Ontario,16
2010,July,Saskatchewan,497
2010,August,Alberta,10916
2010,August,British Columbia,2982
2010,August,Canada Total,14754
2010,August,NWT & Yukon,18
2010,August,New Brunswick,16
2010,August,Nova Scotia,299
2010,August,Ontario,17
2010,August,Saskatchewan,506
2010,September,Alberta,10535
2010,September,British Columbia,2991
2010,September,Canada Total,14373
2010,September,NWT & Yukon,19
2010,September,New Brunswick,12
2010,September,Nova Scotia,299
2010,September,Ontario,16
2010,September,Saskatchewan,501
2010,October,Alberta,10584
2010,October,British Columbia,2961
2010,October,Canada Total,14378
2010,October,NWT & Yukon,20
2010,October,New Brunswick,15
2010,October,Nova Scotia,281
2010,October,Ontario,16
2010,October,Saskatchewan,501
2010,November,Alberta,10356
2010,November,British Columbia,3027
2010,November,Canada Total,14182
2010,November,NWT & Yukon,20
2010,November,New Brunswick,20
2010,November,Nova Scotia,275
2010,November,Ontario,17
2010,November,Saskatchewan,466
2010,December,Alberta,10454
2010,December,British Columbia,3167
2010,December,Canada Total,14439
2010,December,NWT & Yukon,21
2010,December,New Brunswick,19
2010,December,Nova Scotia,277
2010,December,Ontario,16
2010,December,Saskatchewan,485
2011,January,Alberta,10332
2011,January,British Columbia,3200
2011,January,Canada Total,14314
2011,January,NWT & Yukon,20
2011,January,New Brunswick,18
2011,January,Nova Scotia,260
2011,January,Ontario,15
2011,January,Saskatchewan,468
2011,February,Alberta,10409
2011,February,British Columbia,3215
2011,February,Canada Total,14424
2011,February,NWT & Yukon,20
2011,February,New Brunswick,17
2011,February,Nova Scotia,284
2011,February,Ontario,15
2011,February,Saskatchewan,463
2011,March,Alberta,10354
2011,March,British Columbia,3323
2011,March,Canada Total,14477
2011,March,NWT & Yukon,18
2011,March,New Brunswick,17
2011,March,Nova Scotia,283
2011,March,Ontario,14
2011,March,Saskatchewan,467
2011,April,Alberta,10711
2011,April,British Columbia,3515
2011,April,Canada Total,15014
2011,April,NWT & Yukon,21
2011,April,New Brunswick,17
2011,April,Nova Scotia,277
2011,April,Ontario,15
2011,April,Saskatchewan,459
2011,May,Alberta,10308
2011,May,British Columbia,3537
2011,May,Canada Total,14619
2011,May,NWT & Yukon,17
2011,May,New Brunswick,15
2011,May,Nova Scotia,274
2011,May,Ontario,15
2011,May,Saskatchewan,454
2011,June,Alberta,10352
2011,June,British Columbia,3160
2011,June,Canada Total,14179
2011,June,NWT & Yukon,14
2011,June,New Brunswick,17
2011,June,Nova Scotia,171
2011,June,Ontario,16
2011,June,Saskatchewan,448
2011,July,Alberta,10423
2011,July,British Columbia,3456
2011,July,Canada Total,14633
2011,July,NWT & Yukon,14
2011,July,New Brunswick,15
2011,July,Nova Scotia,260
2011,July,Ontario,16
2011,July,Saskatchewan,450
2011,August,Alberta,10261
2011,August,British Columbia,3515
2011,August,Canada Total,14540
2011,August,NWT & Yukon,14
2011,August,New Brunswick,15
2011,August,Nova Scotia,264
2011,August,Ontario,15
2011,August,Saskatchewan,457
2011,September,Alberta,10297
2011,September,British Columbia,3473
2011,September,Canada Total,14528
2011,September,NWT & Yukon,16
2011,September,New Brunswick,15
2011,September,Nova Scotia,252
2011,September,Ontario,16
2011,September,Saskatchewan,459
2011,October,Alberta,10145
2011,October,British Columbia,3622
2011,October,Canada Total,14517
2011,October,NWT & Yukon,20
2011,October,New Brunswick,15
2011,October,Nova Scotia,234
2011,October,Ontario,16
2011,October,Saskatchewan,464
2011,November,Alberta,10420
2011,November,British Columbia,3584
2011,November,Canada Total,14747
2011,November,NWT & Yukon,21
2011,November,New Brunswick,14
2011,November,Nova Scotia,233
2011,November,Ontario,15
2011,November,Saskatchewan,461
2011,December,Alberta,10566
2011,December,British Columbia,3677
2011,December,Canada Total,15005
2011,December,NWT & Yukon,21
2011,December,New Brunswick,14
2011,December,Nova Scotia,249
2011,December,Ontario,15
2011,December,Saskatchewan,463
2012,January,Alberta,10241
2012,January,British Columbia,3583
2012,January,Canada Total,14573
2012,January,NWT & Yukon,20
2012,January,New Brunswick,14
2012,January,Nova Scotia,246
2012,January,Ontario,14
2012,January,Saskatchewan,454
2012,February,Alberta,10176
2012,February,British Columbia,3650
2012,February,Canada Total,14559
2012,February,NWT & Yukon,20
2012,February,New Brunswick,14
2012,February,Nova Scotia,227
2012,February,Ontario,14
2012,February,Saskatchewan,457
2012,March,Alberta,10187
2012,March,British Columbia,3524
2012,March,Canada Total,14449
2012,March,NWT & Yukon,19
2012,March,New Brunswick,13
2012,March,Nova Scotia,245
2012,March,Ontario,14
2012,March,Saskatchewan,447
2012,April,Alberta,10102
2012,April,British Columbia,3364
2012,April,Canada Total,14121
2012,April,NWT & Yukon,16
2012,April,New Brunswick,12
2012,April,Nova Scotia,180
2012,April,Ontario,14
2012,April,Saskatchewan,433
2012,May,Alberta,9905
2012,May,British Columbia,3331
2012,May,Canada Total,13911
2012,May,NWT & Yukon,20
2012,May,New Brunswick,12
2012,May,Nova Scotia,211
2012,May,Ontario,14
2012,May,Saskatchewan,418
2012,June,Alberta,9625
2012,June,British Columbia,3290
2012,June,Canada Total,13590
2012,June,NWT & Yukon,19
2012,June,New Brunswick,12
2012,June,Nova Scotia,214
2012,June,Ontario,14
2012,June,Saskatchewan,417
2012,July,Alberta,9552
2012,July,British Columbia,3275
2012,July,Canada Total,13517
2012,July,NWT & Yukon,15
2012,July,New Brunswick,11
2012,July,Nova Scotia,229
2012,July,Ontario,13
2012,July,Saskatchewan,420
2012,August,Alberta,9495
2012,August,British Columbia,3394
2012,August,Canada Total,13568
2012,August,NWT & Yukon,17
2012,August,New Brunswick,11
2012,August,Nova Scotia,219
2012,August,Ontario,15
2012,August,Saskatchewan,417
2012,September,Alberta,9438
2012,September,British Columbia,3449
2012,September,Canada Total,13468
2012,September,NWT & Yukon,16
2012,September,New Brunswick,9
2012,September,Nova Scotia,119
2012,September,Ontario,14
2012,September,Saskatchewan,422
2012,October,Alberta,9615
2012,October,British Columbia,3480
2012,October,Canada Total,13698
2012,October,NWT & Yukon,14
2012,October,New Brunswick,11
2012,October,Nova Scotia,140
2012,October,Ontario,14
2012,October,Saskatchewan,424
2012,November,Alberta,9746
2012,November,British Columbia,3417
2012,November,Canada Total,13753
2012,November,NWT & Yukon,14
2012,November,New Brunswick,13
2012,November,Nova Scotia,132
2012,November,Ontario,14
2012,November,Saskatchewan,417
2012,December,Alberta,9568
2012,December,British Columbia,3609
2012,December,Canada Total,13763
2012,December,NWT & Yukon,14
2012,December,New Brunswick,12
2012,December,Nova Scotia,137
2012,December,Ontario,13
2012,December,Saskatchewan,409
2013,January,Alberta,9759
2013,January,British Columbia,3667
2013,January,Canada Total,13992
2013,January,NWT & Yukon,13
2013,January,New Brunswick,11
2013,January,Nova Scotia,127
2013,January,Ontario,12
2013,January,Saskatchewan,402
2013,February,Alberta,9851
2013,February,British Columbia,3684
2013,February,Canada Total,14098
2013,February,NWT & Yukon,10
2013,February,New Brunswick,11
2013,February,Nova Scotia,126
2013,February,Ontario,13
2013,February,Saskatchewan,403
2013,March,Alberta,9748
2013,March,British Columbia,3655
2013,March,Canada Total,13965
2013,March,NWT & Yukon,12
2013,March,New Brunswick,12
2013,March,Nova Scotia,128
2013,March,Ontario,12
2013,March,Saskatchewan,398
2013,April,Alberta,9889
2013,April,British Columbia,3760
2013,April,Canada Total,14181
2013,April,NWT & Yukon,12
2013,April,New Brunswick,11
2013,April,Nova Scotia,96
2013,April,Ontario,12
2013,April,Saskatchewan,400
2013,May,Alberta,9781
2013,May,British Columbia,3584
2013,May,Canada Total,13881
2013,May,NWT & Yukon,13
2013,May,New Brunswick,11
2013,May,Nova Scotia,86
2013,May,Ontario,12
2013,May,Saskatchewan,394
2013,June,Alberta,9609
2013,June,British Columbia,3407
2013,June,Canada Total,13593
2013,June,NWT & Yukon,12
2013,June,New Brunswick,11
2013,June,Nova Scotia,132
2013,June,Ontario,12
2013,June,Saskatchewan,408
2013,July,Alberta,9668
2013,July,British Columbia,3750
2013,July,Canada Total,13995
2013,July,NWT & Yukon,12
2013,July,New Brunswick,11
2013,July,Nova Scotia,132
2013,July,Ontario,12
2013,July,Saskatchewan,411
2013,August,Alberta,9698
2013,August,British Columbia,3812
2013,August,Canada Total,14155
2013,August,NWT & Yukon,13
2013,August,New Brunswick,11
2013,August,Nova Scotia,176
2013,August,Ontario,13
2013,August,Saskatchewan,433
2013,September,Alberta,9502
2013,September,British Columbia,3809
2013,September,Canada Total,14025
2013,September,NWT & Yukon,12
2013,September,New Brunswick,10
2013,September,Nova Scotia,243
2013,September,Ontario,13
2013,September,Saskatchewan,437
2013,October,Alberta,9678
2013,October,British Columbia,3904
2013,October,Canada Total,14364
2013,October,NWT & Yukon,12
2013,October,New Brunswick,11
2013,October,Nova Scotia,310
2013,October,Ontario,12
2013,October,Saskatchewan,436
2013,November,Alberta,9652
2013,November,British Columbia,3947
2013,November,Canada Total,14252
2013,November,NWT & Yukon,12
2013,November,New Brunswick,10
2013,November,Nova Scotia,187
2013,November,Ontario,12
2013,November,Saskatchewan,432
2013,December,Alberta,9642
2013,December,British Columbia,3905
2013,December,Canada Total,14308
2013,December,NWT & Yukon,11
2013,December,New Brunswick,10
2013,December,Nova Scotia,314
2013,December,Ontario,12
2013,December,Saskatchewan,413
2014,January,Alberta,9820
2014,January,British Columbia,3909
2014,January,Canada Total,14602
2014,January,NWT & Yukon,11
2014,January,New Brunswick,10
2014,January,Nova Scotia,410
2014,January,Ontario,11
2014,January,Saskatchewan,430
2014,February,Alberta,9734
2014,February,British Columbia,3894
2014,February,Canada Total,14498
2014,February,NWT & Yukon,10
2014,February,New Brunswick,10
2014,February,Nova Scotia,422
2014,February,Ontario,9
2014,February,Saskatchewan,417
2014,March,Alberta,9930
2014,March,British Columbia,3898
2014,March,Canada Total,14639
2014,March,NWT & Yukon,13
2014,March,New Brunswick,10
2014,March,Nova Scotia,354
2014,March,Ontario,7
2014,March,Saskatchewan,427
2014,April,Alberta,10151
2014,April,British Columbia,4016
2014,April,Canada Total,15005
2014,April,NWT & Yukon,11
2014,April,New Brunswick,10
2014,April,Nova Scotia,365
2014,April,Ontario,7
2014,April,Saskatchewan,446
2014,May,Alberta,9845
2014,May,British Columbia,3953
2014,May,Canada Total,14621
2014,May,NWT & Yukon,12
2014,May,New Brunswick,9
2014,May,Nova Scotia,346
2014,May,Ontario,11
2014,May,Saskatchewan,446
2014,June,Alberta,9568
2014,June,British Columbia,3691
2014,June,Canada Total,14150
2014,June,NWT & Yukon,11
2014,June,New Brunswick,10
2014,June,Nova Scotia,436
2014,June,Ontario,11
2014,June,Saskatchewan,423
2014,July,Alberta,10002
2014,July,British Columbia,3848
2014,July,Canada Total,14711
2014,July,NWT & Yukon,11
2014,July,New Brunswick,8
2014,July,Nova Scotia,390
2014,July,Ontario,10
2014,July,Saskatchewan,441
2014,August,Alberta,10107
2014,August,British Columbia,4024
2014,August,Canada Total,14879
2014,August,NWT & Yukon,11
2014,August,New Brunswick,9
2014,August,Nova Scotia,281
2014,August,Ontario,12
2014,August,Saskatchewan,436
2014,September,Alberta,9737
2014,September,British Columbia,3948
2014,September,Canada Total,14333
2014,September,NWT & Yukon,10
2014,September,New Brunswick,9
2014,September,Nova Scotia,174
2014,September,Ontario,12
2014,September,Saskatchewan,443
2014,October,Alberta,10373
2014,October,British Columbia,4165
2014,October,Canada Total,15172
2014,October,NWT & Yukon,9
2014,October,New Brunswick,9
2014,October,Nova Scotia,161
2014,October,Ontario,12
2014,October,Saskatchewan,443
2014,November,Alberta,10300
2014,November,British Columbia,4203
2014,November,Canada Total,15189
2014,November,NWT & Yukon,10
2014,November,New Brunswick,8
2014,November,Nova Scotia,224
2014,November,Ontario,12
2014,November,Saskatchewan,433
2014,December,Alberta,10542
2014,December,British Columbia,4322
2014,December,Canada Total,15629
2014,December,NWT & Yukon,12
2014,December,New Brunswick,9
2014,December,Nova Scotia,301
2014,December,Ontario,12
2014,December,Saskatchewan,432
2015,January,Alberta,10432
2015,January,British Columbia,4269
2015,January,Canada Total,15514
2015,January,NWT & Yukon,11
2015,January,New Brunswick,9
2015,January,Nova Scotia,351
2015,January,Ontario,11
2015,January,Saskatchewan,430
2015,February,Alberta,10547
2015,February,British Columbia,4302
2015,February,Canada Total,15612
2015,February,NWT & Yukon,9
2015,February,New Brunswick,9
2015,February,Nova Scotia,295
2015,February,Ontario,11
2015,February,Saskatchewan,440
2015,March,Alberta,10552
2015,March,British Columbia,4259
2015,March,Canada Total,15607
2015,March,NWT & Yukon,9
2015,March,New Brunswick,9
2015,March,Nova Scotia,323
2015,March,Ontario,11
2015,March,Saskatchewan,445
2015,April,Alberta,10613
2015,April,British Columbia,4380
2015,April,Canada Total,15675
2015,April,NWT & Yukon,9
2015,April,New Brunswick,9
2015,April,Nova Scotia,212
2015,April,Ontario,11
2015,April,Saskatchewan,441
2015,May,Alberta,10184
2015,May,British Columbia,4306
2015,May,Canada Total,15090
2015,May,NWT & Yukon,9
2015,May,New Brunswick,2
2015,May,Nova Scotia,151
2015,May,Ontario,11
2015,May,Saskatchewan,427
2015,June,Alberta,10169
2015,June,British Columbia,3662
2015,June,Canada Total,14432
2015,June,NWT & Yukon,8
2015,June,New Brunswick,2
2015,June,Nova Scotia,146
2015,June,Ontario,11
2015,June,Saskatchewan,432
2015,July,Alberta,10155
2015,July,British Columbia,4012
2015,July,Canada Total,14711
2015,July,NWT & Yukon,3
2015,July,New Brunswick,2
2015,July,Nova Scotia,98
2015,July,Ontario,11
2015,July,Saskatchewan,430
2015,August,Alberta,10003
2015,August,British Columbia,4135
2015,August,Canada Total,14734
2015,August,NWT & Yukon,8
2015,August,New Brunswick,2
2015,August,Nova Scotia,147
2015,August,Ontario,11
2015,August,Saskatchewan,429
2015,September,Alberta,10073
2015,September,British Columbia,3912
2015,September,Canada Total,14527
2015,September,NWT & Yukon,8
2015,September,New Brunswick,2
2015,September,Nova Scotia,102
2015,September,Ontario,12
2015,September,Saskatchewan,417
2015,October,Alberta,10319
2015,October,British Columbia,4212
2015,October,Canada Total,15101
2015,October,NWT & Yukon,8
2015,October,New Brunswick,3
2015,October,Nova Scotia,115
2015,October,Ontario,10
2015,October,Saskatchewan,434
2015,November,Alberta,10372
2015,November,British Columbia,4373
2015,November,Canada Total,15387
2015,November,NWT & Yukon,7
2015,November,New Brunswick,9
2015,November,Nova Scotia,177
2015,November,Ontario,10
2015,November,Saskatchewan,437
2015,December,Alberta,10574
2015,December,British Columbia,4491
2015,December,Canada Total,15721
2015,December,NWT & Yukon,8
2015,December,New Brunswick,7
2015,December,Nova Scotia,206
2015,December,Ontario,10
2015,December,Saskatchewan,425
2016,January,Alberta,10542
2016,January,British Columbia,4644
2016,January,Canada Total,15837
2016,January,NWT & Yukon,8
2016,January,New Brunswick,13
2016,January,Nova Scotia,205
2016,January,Ontario,7
2016,January,Saskatchewan,418
2016,February,Alberta,10800
2016,February,British Columbia,4715
2016,February,Canada Total,16186
2016,February,NWT & Yukon,7
2016,February,New Brunswick,11
2016,February,Nova Scotia,218
2016,February,Ontario,7
2016,February,Saskatchewan,428
2016,March,Alberta,10676
2016,March,British Columbia,4677
2016,March,Canada Total,15988
2016,March,NWT & Yukon,7
2016,March,New Brunswick,7
2016,March,Nova Scotia,187
2016,March,Ontario,7
2016,March,Saskatchewan,426
2016,April,Alberta,10463
2016,April,British Columbia,4516
2016,April,Canada Total,15561
2016,April,NWT & Yukon,9
2016,April,New Brunswick,10
2016,April,Nova Scotia,136
2016,April,Ontario,7
2016,April,Saskatchewan,421
2016,May,Alberta,10025
2016,May,British Columbia,4479
2016,May,Canada Total,15074
2016,May,NWT & Yukon,8
2016,May,New Brunswick,9
2016,May,Nova Scotia,131
2016,May,Ontario,7
2016,May,Saskatchewan,415
2016,June,Alberta,9903
2016,June,British Columbia,4293
2016,June,Canada Total,14778
2016,June,NWT & Yukon,9
2016,June,New Brunswick,9
2016,June,Nova Scotia,153
2016,June,Ontario,7
2016,June,Saskatchewan,405
2016,July,Alberta,10017
2016,July,British Columbia,4251
2016,July,Canada Total,14877
2016,July,NWT & Yukon,8
2016,July,New Brunswick,9
2016,July,Nova Scotia,188
2016,July,Ontario,7
2016,July,Saskatchewan,396
2016,August,Alberta,10186
2016,August,British Columbia,4362
2016,August,Canada Total,15172
2016,August,NWT & Yukon,8
2016,August,New Brunswick,8
2016,August,Nova Scotia,197
2016,August,Ontario,7
2016,August,Saskatchewan,403
2016,September,Alberta,10133
2016,September,British Columbia,4107
2016,September,Canada Total,14779
2016,September,NWT & Yukon,8
2016,September,New Brunswick,3
2016,September,Nova Scotia,122
2016,September,Ontario,7
2016,September,Saskatchewan,399
2016,October,Alberta,9955
2016,October,British Columbia,4358
2016,October,Canada Total,14877
2016,October,NWT & Yukon,7
2016,October,New Brunswick,2
2016,October,Nova Scotia,141
2016,October,Ontario,7
2016,October,Saskatchewan,407
2016,November,Alberta,10179
2016,November,British Columbia,4418
2016,November,Canada Total,15193
2016,November,NWT & Yukon,7
2016,November,New Brunswick,3
2016,November,Nova Scotia,166
2016,November,Ontario,7
2016,November,Saskatchewan,413
2016,December,Alberta,10171
2016,December,British Columbia,4635
2016,December,Canada Total,15421
2016,December,NWT & Yukon,7
2016,December,New Brunswick,8
2016,December,Nova Scotia,202
2016,December,Ontario,7
2016,December,Saskatchewan,392
2017,January,Alberta,10348
2017,January,British Columbia,4756
2017,January,Canada Total,15706
2017,January,NWT & Yukon,3
2017,January,New Brunswick,10
2017,January,Nova Scotia,192
2017,January,Ontario,7
2017,January,Saskatchewan,390
2017,February,Alberta,10340
2017,February,British Columbia,4639
2017,February,Canada Total,15569
2017,February,NWT & Yukon,3
2017,February,New Brunswick,9
2017,February,Nova Scotia,167
2017,February,Ontario,8
2017,February,Saskatchewan,405
2017,March,Alberta,10570
2017,March,British Columbia,4557
2017,March,Canada Total,15714
2017,March,NWT & Yukon,0
2017,March,New Brunswick,9
2017,March,Nova Scotia,165
2017,March,Ontario,7
2017,March,Saskatchewan,405
2017,April,Alberta,10594
2017,April,British Columbia,4437
2017,April,Canada Total,15593
2017,April,NWT & Yukon,1
2017,April,New Brunswick,0
2017,April,Nova Scotia,137
2017,April,Ontario,7
2017,April,Saskatchewan,416
2017,May,Alberta,10297
2017,May,British Columbia,4422
2017,May,Canada Total,15247
2017,May,NWT & Yukon,1
2017,May,New Brunswick,0
2017,May,Nova Scotia,129
2017,May,Ontario,7
2017,May,Saskatchewan,390
2017,June,Alberta,10404
2017,June,British Columbia,3774
2017,June,Canada Total,14703
2017,June,NWT & Yukon,0
2017,June,New Brunswick,0
2017,June,Nova Scotia,126
2017,June,Ontario,7
2017,June,Saskatchewan,391
2017,July,Alberta,10552
2017,July,British Columbia,4078
2017,July,Canada Total,15144
2017,July,NWT & Yukon,0
2017,July,New Brunswick,0
2017,July,Nova Scotia,110
2017,July,Ontario,7
2017,July,Saskatchewan,397
2017,August,Alberta,10222
2017,August,British Columbia,4244
2017,August,Canada Total,14935
2017,August,NWT & Yukon,0
2017,August,New Brunswick,0
2017,August,Nova Scotia,61
2017,August,Ontario,7
2017,August,Saskatchewan,401
2017,September,Alberta,10445
2017,September,British Columbia,4369
2017,September,Canada Total,15323
2017,September,NWT & Yukon,1
2017,September,New Brunswick,0
2017,September,Nova Scotia,100
2017,September,Ontario,9
2017,September,Saskatchewan,400
2017,October,Alberta,10416
2017,October,British Columbia,4560
2017,October,Canada Total,15506
2017,October,NWT & Yukon,0
2017,October,New Brunswick,0
2017,October,Nova Scotia,107
2017,October,Ontario,9
2017,October,Saskatchewan,412
2017,November,Alberta,10847
2017,November,British Columbia,4994
2017,November,Canada Total,16360
2017,November,NWT & Yukon,1
2017,November,New Brunswick,0
2017,November,Nova Scotia,97
2017,November,Ontario,9
2017,November,Saskatchewan,412
2017,December,Alberta,10872
2017,December,British Columbia,5154
2017,December,Canada Total,16537
2017,December,NWT & Yukon,1
2017,December,New Brunswick,10
2017,December,Nova Scotia,96
2017,December,Ontario,9
2017,December,Saskatchewan,396
2018,January,Alberta,10813
2018,January,British Columbia,5213
2018,January,Canada Total,16521
2018,January,NWT & Yukon,0
2018,January,New Brunswick,14
2018,January,Nova Scotia,80
2018,January,Ontario,9
2018,January,Saskatchewan,392
2018,February,Alberta,10760
2018,February,British Columbia,5199
2018,February,Canada Total,16440
2018,February,NWT & Yukon,0
2018,February,New Brunswick,13
2018,February,Nova Scotia,84
2018,February,Ontario,9
2018,February,Saskatchewan,375
2018,March,Alberta,10829
2018,March,British Columbia,5250
2018,March,Canada Total,16567
2018,March,NWT & Yukon,0
2018,March,New Brunswick,12
2018,March,Nova Scotia,81
2018,March,Ontario,7
2018,March,Saskatchewan,388
2018,April,Alberta,10675
2018,April,British Columbia,5297
2018,April,Canada Total,16472
2018,April,NWT & Yukon,0
2018,April,New Brunswick,10
2018,April,Nova Scotia,82
2018,April,Ontario,9
2018,April,Saskatchewan,399
2018,May,Alberta,10256
2018,May,British Columbia,5054
2018,May,Canada Total,15806
2018,May,NWT & Yukon,0
2018,May,New Brunswick,1
2018,May,Nova Scotia,81
2018,May,Ontario,9
2018,May,Saskatchewan,407
2018,June,Alberta,10170
2018,June,British Columbia,5032
2018,June,Canada Total,15662
2018,June,NWT & Yukon,0
2018,June,New Brunswick,0
2018,June,Nova Scotia,62
2018,June,Ontario,9
2018,June,Saskatchewan,389
2018,July,Alberta,10324
2018,July,British Columbia,5318
2018,July,Canada Total,16119
2018,July,NWT & Yukon,0
2018,July,New Brunswick,0
2018,July,Nova Scotia,71
2018,July,Ontario,9
2018,July,Saskatchewan,398
2018,August,Alberta,10490
2018,August,British Columbia,5158
2018,August,Canada Total,16128
2018,August,NWT & Yukon,0
2018,August,New Brunswick,0
2018,August,Nova Scotia,69
2018,August,Ontario,9
2018,August,Saskatchewan,402
2018,September,Alberta,10337
2018,September,British Columbia,5175
2018,September,Canada Total,15975
2018,September,NWT & Yukon,0
2018,September,New Brunswick,0
2018,September,Nova Scotia,59
2018,September,Ontario,9
2018,September,Saskatchewan,394
2018,October,Alberta,10409
2018,October,British Columbia,4702
2018,October,Canada Total,15589
2018,October,NWT & Yukon,1
2018,October,New Brunswick,0
2018,October,Nova Scotia,61
2018,October,Ontario,9
2018,October,Saskatchewan,407
2018,November,Alberta,10581
2018,November,British Columbia,4875
2018,November,Canada Total,15938
2018,November,NWT & Yukon,6
2018,November,New Brunswick,4
2018,November,Nova Scotia,60
2018,November,Ontario,9
2018,November,Saskatchewan,404
2018,December,Alberta,10809
2018,December,British Columbia,5422
2018,December,Canada Total,16710
2018,December,NWT & Yukon,7
2018,December,New Brunswick,12
2018,December,Nova Scotia,55
2018,December,Ontario,8
2018,December,Saskatchewan,398
2019,January,Alberta,10542
2019,January,British Columbia,5062
2019,January,Canada Total,16025
2019,January,NWT & Yukon,6
2019,January,New Brunswick,13
2019,January,Nova Scotia,0
2019,January,Ontario,9
2019,January,Saskatchewan,393
2019,February,Alberta,10066
2019,February,British Columbia,5271
2019,February,Canada Total,15729
2019,February,NWT & Yukon,6
2019,February,New Brunswick,12
2019,February,Nova Scotia,0
2019,February,Ontario,8
2019,February,Saskatchewan,366
2019,March,Alberta,10508
2019,March,British Columbia,5334
2019,March,Canada Total,16249
2019,March,NWT & Yukon,8
2019,March,New Brunswick,10
2019,March,Nova Scotia,0
2019,March,Ontario,8
2019,March,Saskatchewan,381
2019,April,Alberta,10449
2019,April,British Columbia,5205
2019,April,Canada Total,16082
2019,April,NWT & Yukon,7
2019,April,New Brunswick,9
2019,April,Nova Scotia,0
2019,April,Ontario,8
2019,April,Saskatchewan,403
2019,May,Alberta,10176
2019,May,British Columbia,4811
2019,May,Canada Total,15402
2019,May,NWT & Yukon,8
2019,May,New Brunswick,0
2019,May,Nova Scotia,0
2019,May,Ontario,8
2019,May,Saskatchewan,399
2019,June,Alberta,9828
2019,June,British Columbia,5017
2019,June,Canada Total,15261
2019,June,NWT & Yukon,7
2019,June,New Brunswick,0
2019,June,Nova Scotia,0
2019,June,Ontario,8
2019,June,Saskatchewan,399
2019,July,Alberta,9941
2019,July,British Columbia,5044
2019,July,Canada Total,15396
2019,July,NWT & Yukon,7
2019,July,New Brunswick,0
2019,July,Nova Scotia,0
2019,July,Ontario,8
2019,July,Saskatchewan,395
2019,August,Alberta,9904
2019,August,British Columbia,4977
2019,August,Canada Total,15289
2019,August,NWT & Yukon,7
2019,August,New Brunswick,0
2019,August,Nova Scotia,0
2019,August,Ontario,8
2019,August,Saskatchewan,394
2019,September,Alberta,9698
2019,September,British Columbia,5022
2019,September,Canada Total,15120
2019,September,NWT & Yukon,7
2019,September,New Brunswick,0
2019,September,Nova Scotia,0
2019,September,Ontario,8
2019,September,Saskatchewan,384
2019,October,Alberta,10016
2019,October,British Columbia,5099
2019,October,Canada Total,15523
2019,October,NWT & Yukon,7
2019,October,New Brunswick,0
2019,October,Nova Scotia,0
2019,October,Ontario,8
2019,October,Saskatchewan,392
2019,November,Alberta,10267
2019,November,British Columbia,5380
2019,November,Canada Total,16066
2019,November,NWT & Yukon,8
2019,November,New Brunswick,5
2019,November,Nova Scotia,0
2019,November,Ontario,8
2019,November,Saskatchewan,398
2019,December,Alberta,10400
2019,December,British Columbia,5525
2019,December,Canada Total,16338
2019,December,NWT & Yukon,7
2019,December,New Brunswick,8
2019,December,Nova Scotia,0
2019,December,Ontario,7
2019,December,Saskatchewan,390
2020,January,Alberta,9901
2020,January,British Columbia,5400
2020,January,Canada Total,15705
2020,January,NWT & Yukon,6
2020,January,New Brunswick,14
2020,January,Nova Scotia,0
2020,January,Ontario,7
2020,January,Saskatchewan,377
2020,February,Alberta,10178
2020,February,British Columbia,5400
2020,February,Canada Total,15992
2020,February,NWT & Yukon,6
2020,February,New Brunswick,11
2020,February,Nova Scotia,0
2020,February,Ontario,7
2020,February,Saskatchewan,389
2020,March,Alberta,10001
2020,March,British Columbia,5430
2020,March,Canada Total,15843
2020,March,NWT & Yukon,6
2020,March,New Brunswick,10
2020,March,Nova Scotia,0
2020,March,Ontario,7
2020,March,Saskatchewan,390
2020,April,Alberta,9759
2020,April,British Columbia,5603
2020,April,Canada Total,15753
2020,April,NWT & Yukon,5
2020,April,New Brunswick,9
2020,April,Nova Scotia,0
2020,April,Ontario,7
2020,April,Saskatchewan,369
2020,May,Alberta,9545
2020,May,British Columbia,5565
2020,May,Canada Total,15456
2020,May,NWT & Yukon,4
2020,May,New Brunswick,0
2020,May,Nova Scotia,0
2020,May,Ontario,7
2020,May,Saskatchewan,336
2020,June,Alberta,9458
2020,June,British Columbia,5410
2020,June,Canada Total,15218
2020,June,NWT & Yukon,5
2020,June,New Brunswick,0
2020,June,Nova Scotia,0
2020,June,Ontario,6
2020,June,Saskatchewan,338
2020,July,Alberta,9393
2020,July,British Columbia,5177
2020,July,Canada Total,14924
2020,July,NWT & Yukon,7
2020,July,New Brunswick,0
2020,July,Nova Scotia,0
2020,July,Ontario,8
2020,July,Saskatchewan,339
2020,August,Alberta,9418
2020,August,British Columbia,5162
2020,August,Canada Total,14929
2020,August,NWT & Yukon,0
2020,August,New Brunswick,0
2020,August,Nova Scotia,0
2020,August,Ontario,7
2020,August,Saskatchewan,341
2020,September,Alberta,9292
2020,September,British Columbia,4868
2020,September,Canada Total,14510
2020,September,NWT & Yukon,0
2020,September,New Brunswick,0
2020,September,Nova Scotia,0
2020,September,Ontario,7
2020,September,Saskatchewan,342
2020,October,Alberta,9711
2020,October,British Columbia,5274
2020,October,Canada Total,15340
2020,October,NWT & Yukon,5
2020,October,New Brunswick,1
2020,October,Nova Scotia,0
2020,October,Ontario,7
2020,October,Saskatchewan,342
2020,November,Alberta,9884
2020,November,British Columbia,5442
2020,November,Canada Total,15682
2020,November,NWT & Yukon,7
2020,November,New Brunswick,3
2020,November,Nova Scotia,0
2020,November,Ontario,7
2020,November,Saskatchewan,338
2020,December,Alberta,9944
2020,December,British Columbia,5469
2020,December,Canada Total,15774
2020,December,NWT & Yukon,7
2020,December,New Brunswick,8
2020,December,Nova Scotia,0
2020,December,Ontario,7
2020,December,Saskatchewan,341
2021,January,Alberta,9888
2021,January,British Columbia,5547
2021,January,Canada Total,15779
2021,January,NWT & Yukon,6
2021,January,New Brunswick,12
2021,January,Nova Scotia,0
2021,January,Ontario,7
2021,January,Saskatchewan,318
2021,February,Alberta,9583
2021,February,British Columbia,5573
2021,February,Canada Total,15477
2021,February,NWT & Yukon,6
2021,February,New Brunswick,11
2021,February,Nova Scotia,0
2021,February,Ontario,7
2021,February,Saskatchewan,298
2021,March,Alberta,10096
2021,March,British Columbia,5586
2021,March,Canada Total,16025
2021,March,NWT & Yukon,6
2021,March,New Brunswick,11
2021,March,Nova Scotia,0
2021,March,Ontario,6
2021,March,Saskatchewan,321
2021,April,Alberta,10150
2021,April,British Columbia,5699
2021,April,Canada Total,16203
2021,April,NWT & Yukon,7
2021,April,New Brunswick,9
2021,April,Nova Scotia,0
2021,April,Ontario,7
2021,April,Saskatchewan,332
2021,May,Alberta,9968
2021,May,British Columbia,5548
2021,May,Canada Total,15855
2021,May,NWT & Yukon,7
2021,May,New Brunswick,0
2021,May,Nova Scotia,0
2021,May,Ontario,7
2021,May,Saskatchewan,325
2021,June,Alberta,9867
2021,June,British Columbia,5548
2021,June,Canada Total,15738
2021,June,NWT & Yukon,6
2021,June,New Brunswick,0
2021,June,Nova Scotia,0
2021,June,Ontario,7
2021,June,Saskatchewan,309
2021,July,Alberta,10078
2021,July,British Columbia,5616
2021,July,Canada Total,16020
2021,July,NWT & Yukon,2
2021,July,New Brunswick,0
2021,July,Nova Scotia,0
2021,July,Ontario,8
2021,July,Saskatchewan,317
2021,August,Alberta,10214
2021,August,British Columbia,5816
2021,August,Canada Total,16352
2021,August,NWT & Yukon,1
2021,August,New Brunswick,0
2021,August,Nova Scotia,0
2021,August,Ontario,6
2021,August,Saskatchewan,315
2021,September,Alberta,10023
2021,September,British Columbia,5918
2021,September,Canada Total,16273
2021,September,NWT & Yukon,7
2021,September,New Brunswick,0
2021,September,Nova Scotia,0
2021,September,Ontario,5
2021,September,Saskatchewan,321
2021,October,Alberta,10250
2021,October,British Columbia,5703
2021,October,Canada Total,16288
2021,October,NWT & Yukon,6
2021,October,New Brunswick,0
2021,October,Nova Scotia,0
2021,October,Ontario,7
2021,October,Saskatchewan,322
2021,November,Alberta,10430
2021,November,British Columbia,6073
2021,November,Canada Total,16848
2021,November,NWT & Yukon,7
2021,November,New Brunswick,9
2021,November,Nova Scotia,0
2021,November,Ontario,7
2021,November,Saskatchewan,322
2021,December,Alberta,10125
2021,December,British Columbia,6031
2021,December,Canada Total,16490
2021,December,NWT & Yukon,7
2021,December,New Brunswick,12
2021,December,Nova Scotia,0
2021,December,Ontario,7
2021,December,Saskatchewan,309
2022,January,Alberta,10224
2022,January,British Columbia,6022
2022,January,Canada Total,16569
2022,January,NWT & Yukon,6
2022,January,New Brunswick,10
2022,January,Nova Scotia,0
2022,January,Ontario,6
2022,January,Saskatchewan,301
2022,February,Alberta,10484
2022,February,British Columbia,6118
2022,February,Canada Total,16926
2022,February,NWT & Yukon,6
2022,February,New Brunswick,10
2022,February,Nova Scotia,0
2022,February,Ontario,6
2022,February,Saskatchewan,301
2022,March,Alberta,10704
2022,March,British Columbia,6132
2022,March,Canada Total,17169
2022,March,NWT & Yukon,6
2022,March,New Brunswick,8
2022,March,Nova Scotia,0
2022,March,Ontario,6
2022,March,Saskatchewan,313
2022,April,Alberta,10963
2022,April,British Columbia,6243
2022,April,Canada Total,17530
2022,April,NWT & Yukon,6
2022,April,New Brunswick,4
2022,April,Nova Scotia,0
2022,April,Ontario,6
2022,April,Saskatchewan,307
2022,May,Alberta,10665
2022,May,British Columbia,6171
2022,May,Canada Total,17163
2022,May,NWT & Yukon,7
2022,May,New Brunswick,0
2022,May,Nova Scotia,0
2022,May,Ontario,7
2022,May,Saskatchewan,313
2022,June,Alberta,10533
2022,June,British Columbia,6113
2022,June,Canada Total,16965
2022,June,NWT & Yukon,6
2022,June,New Brunswick,0
2022,June,Nova Scotia,0
2022,June,Ontario,7
2022,June,Saskatchewan,307
2022,July,Alberta,10917
2022,July,British Columbia,6259
2022,July,Canada Total,17493
2022,July,NWT & Yukon,6
2022,July,New Brunswick,0
2022,July,Nova Scotia,0
2022,July,Ontario,7
2022,July,Saskatchewan,305
2022,August,Alberta,10783
2022,August,British Columbia,5983
2022,August,Canada Total,17085
2022,August,NWT & Yukon,6
2022,August,New Brunswick,0
2022,August,Nova Scotia,0
2022,August,Ontario,7
2022,August,Saskatchewan,306
2022,September,Alberta,10869
2022,September,British Columbia,6187
2022,September,Canada Total,17379
2022,September,NWT & Yukon,5
2022,September,New Brunswick,0
2022,September,Nova Scotia,0
2022,September,Ontario,7
2022,September,Saskatchewan,311
2022,October,Alberta,10934
2022,October,British Columbia,6493
2022,October,Canada Total,17760
2022,October,NWT & Yukon,6
2022,October,New Brunswick,1
2022,October,Nova Scotia,0
2022,October,Ontario,7
2022,October,Saskatchewan,320
2022,November,Alberta,10988
2022,November,British Columbia,6633
2022,November,Canada Total,17959
2022,November,NWT & Yukon,6
2022,November,New Brunswick,11
2022,November,Nova Scotia,0
2022,November,Ontario,6
2022,November,Saskatchewan,315
2022,December,Alberta,10716
2022,December,British Columbia,6645
2022,December,Canada Total,17681
2022,December,NWT & Yukon,6
2022,December,New Brunswick,11
2022,December,Nova Scotia,0
2022,December,Ontario,5
2022,December,Saskatchewan,297
2023,January,Alberta,11073
2023,January,British Columbia,6639
2023,January,Canada Total,18033
2023,January,NWT & Yukon,5
2023,January,New Brunswick,9
2023,January,Nova Scotia,0
2023,January,Ontario,6
2023,January,Saskatchewan,301
2023,February,Alberta,11121
2023,February,British Columbia,6508
2023,February,Canada Total,17958
2023,February,NWT & Yukon,5
2023,February,New Brunswick,9
2023,February,Nova Scotia,0
2023,February,Ontario,5
2023,February,Saskatchewan,310
2023,March,Alberta,11065
2023,March,British Columbia,6720
2023,March,Canada Total,18106
2023,March,NWT & Yukon,5
2023,March,New Brunswick,7
2023,March,Nova Scotia,0
2023,March,Ontario,6
2023,March,Saskatchewan,303
2023,April,Alberta,11092
2023,April,British Columbia,6823
2023,April,Canada Total,18248
2023,April,NWT & Yukon,5
2023,April,New Brunswick,3
2023,April,Nova Scotia,0
2023,April,Ontario,6
2023,April,Saskatchewan,319
2023,May,Alberta,9697
2023,May,British Columbia,6550
2023,May,Canada Total,16571
2023,May,NWT & Yukon,5
2023,May,New Brunswick,0
2023,May,Nova Scotia,0
2023,May,Ontario,6
2023,May,Saskatchewan,312
2023,June,Alberta,10342
2023,June,British Columbia,6383
2023,June,Canada Total,17041
2023,June,NWT & Yukon,5
2023,June,New Brunswick,0
2023,June,Nova Scotia,0
2023,June,Ontario,6
2023,June,Saskatchewan,305
2023,July,Alberta,11081
2023,July,British Columbia,6607
2023,July,Canada Total,18013
2023,July,NWT & Yukon,5
2023,July,New Brunswick,0
2023,July,Nova Scotia,0
2023,July,Ontario,6
2023,July,Saskatchewan,314
2023,August,Alberta,11154
2023,August,British Columbia,6599
2023,August,Canada Total,18072
2023,August,NWT & Yukon,4
2023,August,New Brunswick,0
2023,August,Nova Scotia,0
2023,August,Ontario,7
2023,August,Saskatchewan,308
2023,September,Alberta,10855
2023,September,British Columbia,6502
2023,September,Canada Total,17676
2023,September,NWT & Yukon,4
2023,September,New Brunswick,0
2023,September,Nova Scotia,0
2023,September,Ontario,7
2023,September,Saskatchewan,308
2023,October,Alberta,10899
2023,October,British Columbia,6877
2023,October,Canada Total,18100
2023,October,NWT & Yukon,5
2023,October,New Brunswick,0
2023,October,Nova Scotia,0
2023,October,Ontario,7
2023,October,Saskatchewan,312
2023,November,Alberta,11362
2023,November,British Columbia,6855
2023,November,Canada Total,18549
2023,November,NWT & Yukon,5
2023,November,New Brunswick,8
2023,November,Nova Scotia,0
2023,November,Ontario,6
2023,November,Saskatchewan,313
2023,December,Alberta,11407
2023,December,British Columbia,7049
2023,December,Canada Total,18791
2023,December,NWT & Yukon,6
2023,December,New Brunswick,11
2023,December,Nova Scotia,0
2023,December,Ontario,6
2023,December,Saskatchewan,312
2024,January,Alberta,10775
2024,January,British Columbia,7005
2024,January,Canada Total,18092
2024,January,NWT & Yukon,5
2024,January,New Brunswick,10
2024,January,Nova Scotia,0
2024,January,Ontario,5
2024,January,Saskatchewan,292
2024,February,Alberta,11152
2024,February,British Columbia,7169
2024,February,Canada Total,18652
2024,February,NWT & Yukon,5
2024,February,New Brunswick,9
2024,February,Nova Scotia,0
2024,February,Ontario,6
2024,February,Saskatchewan,312
2024,March,Alberta,11109
2024,March,British Columbia,7065
2024,March,Canada Total,18498
2024,March,NWT & Yukon,5
2024,March,New Brunswick,8
2024,March,Nova Scotia,0
2024,March,Ontario,6
2024,March,Saskatchewan,305
2024,April,Alberta,11104
2024,April,British Columbia,7082
2024,April,Canada Total,18514
2024,April,NWT & Yukon,5
2024,April,New Brunswick,3
2024,April,Nova Scotia,0
2024,April,Ontario,6
2024,April,Saskatchewan,314
2024,May,Alberta,10827
2024,May,British Columbia,6813
2024,May,Canada Total,17959
2024,May,NWT & Yukon,5
2024,May,New Brunswick,0
2024,May,Nova Scotia,0
2024,May,Ontario,6
2024,May,Saskatchewan,309
2024,June,Alberta,10818
2024,June,British Columbia,6994
2024,June,Canada Total,18117
2024,June,NWT & Yukon,4
2024,June,New Brunswick,0
2024,June,Nova Scotia,0
2024,June,Ontario,6
2024,June,Saskatchewan,294
2024,July,Alberta,10794
2024,July,British Columbia,6578
2024,July,Canada Total,17665
2024,July,NWT & Yukon,4
2024,July,New Brunswick,0
2024,July,Nova Scotia,0
2024,July,Ontario,7
2024,July,Saskatchewan,282
2024,August,Alberta,10902
2024,August,British Columbia,7033
2024,August,Canada Total,18224
2024,August,NWT & Yukon,4
2024,August,New Brunswick,0
2024,August,Nova Scotia,0
2024,August,Ontario,7
2024,August,Saskatchewan,278
2024,September,Alberta,10314
2024,September,British Columbia,6860
2024,September,Canada Total,17459
2024,September,NWT & Yukon,5
2024,September,New Brunswick,0
2024,September,Nova Scotia,0
2024,September,Ontario,5
2024,September,Saskatchewan,274
2024,October,Alberta,10998
2024,October,British Columbia,7208
2024,October,Canada Total,18507
2024,October,NWT & Yukon,4
2024,October,New Brunswick,0
2024,October,Nova Scotia,0
2024,October,Ontario,5
2024,October,Saskatchewan,291
2024,November,Alberta,11264
2024,November,British Columbia,7514
2024,November,Canada Total,19084
2024,November,NWT & Yukon,5
2024,November,New Brunswick,
2024,November,Nova Scotia,0
2024,November,Ontario,5
2024,November,Saskatchewan,296
2024,December,Alberta,11472
2024,December,British Columbia,7655
2024,December,Canada Total,19429
2024,December,NWT & Yukon,6
2024,December,New Brunswick,
2024,December,Nova Scotia,0
2024,December,Ontario,4
2024,December,Saskatchewan,293
2025,January,Alberta,11494
2025,January,British Columbia,7549
2025,January,Canada Total,19332
2025,January,NWT & Yukon,5
2025,January,New Brunswick,
2025,January,Nova Scotia,0
2025,January,Ontario,4
2025,January,Saskatchewan,281
2025,February,Alberta,11195
2025,February,British Columbia,7542
2025,February,Canada Total,19017
2025,February,NWT & Yukon,4
2025,February,New Brunswick,
2025,February,Nova Scotia,0
2025,February,Ontario,4
2025,February,Saskatchewan,272
2025,March,Alberta,11582
2025,March,British Columbia,7500
2025,March,Canada Total,19386
2025,March,NWT & Yukon,4
2025,March,New Brunswick,
2025,March,Nova Scotia,0
2025,March,Ontario,5
2025,March,Saskatchewan,295
2025,April,Alberta,11519
2025,April,British Columbia,7269
2025,April,Canada Total,19087
2025,April,NWT & Yukon,4
2025,April,New Brunswick,
2025,April,Nova Scotia,0
2025,April,Ontario,5
2025,April,Saskatchewan,289
2025,May,Alberta,11245
2025,May,British Columbia,7487
2025,May,Canada Total,19016
2025,May,NWT & Yukon,4
2025,May,New Brunswick,
2025,May,Nova Scotia,0
2025,May,Ontario,5
2025,May,Saskatchewan,275
2025,June,Alberta,10871
2025,June,British Columbia,7304
2025,June,Canada Total,18469
2025,June,NWT & Yukon,4
2025,June,New Brunswick,
2025,June,Nova Scotia,0
2025,June,Ontario,7
2025,June,Saskatchewan,283
2025,July,Alberta,11156
2025,July,British Columbia,7488
2025,July,Canada Total,18931
2025,July,NWT & Yukon,4
2025,July,New Brunswick,
2025,July,Nova Scotia,0
2025,July,Ontario,7
2025,July,Saskatchewan,276
2025,August,Alberta,11078
2025,August,British Columbia,7038
2025,August,Canada Total,18404
2025,August,NWT & Yukon,4
2025,August,New Brunswick,
2025,August,Nova Scotia,0
2025,August,Ontario,6
2025,August,Saskatchewan,277
2025,September,Alberta,11086
2025,September,British Columbia,6723
2025,September,Canada Total,18094
2025,September,NWT & Yukon,4
2025,September,New Brunswick,
2025,September,Nova Scotia,0
2025,September,Ontario,8
2025,September,Saskatchewan,274
2025,October,Alberta,11367
2025,October,British Columbia,7449
2025,October,Canada Total,19097
2025,October,NWT & Yukon,
2025,October,New Brunswick,
2025,October,Nova Scotia,0
2025,October,Ontario,7
2025,October,Saskatchewan,274
2025,November,Alberta,11793
2025,November,British Columbia,
2025,November,Canada Total,
2025,November,NWT & Yukon,
2025,November,New Brunswick,
2025,November,Nova Scotia,
2025,November,Ontario,
2025,November,Saskatchewan,
2025,December,Alberta,
2025,December,British Columbia,
2025,December,Canada Total,
2025,December,NWT & Yukon,
2025,December,New Brunswick,
2025,December,Nova Scotia,
2025,December,Ontario,
2025,December,Saskatchewan,
